Year,Month,Zone,activity_degC_days_m2,mean_area_km2,mean_duration_days,mean_intensity_degC,number_of_events,sum_area_km2
1981,9,NW,0.0,,,,,
1981,9,S,0.0,,,,,
1981,9,SW,0.0,,,,,
1981,10,NW,0.0,,,,,
1981,10,S,0.0,,,,,
1981,10,SW,0.0,,,,,
1981,11,NW,0.0,,,,,
1981,11,S,998540252.8807513,32.023208888210064,5.0,1.6153068542480469,1.0,32.023208888210064
1981,11,SW,15513660273.760164,42.46246864998801,5.3,1.6988791227340698,10.0,424.6246864998801
1981,12,NW,0.0,,,,,
1981,12,S,3680840099.2641335,,,1.4885945320129395,,
1981,12,SW,42326465298.493256,,,1.6677417755126953,,
1982,1,NW,0.0,,,,,
1982,1,S,0.0,,,,,
1982,1,SW,0.0,,,,,
1982,2,NW,4392613740.840991,62.31112826154329,6.0,1.221205234527588,1.0,62.31112826154329
1982,2,S,0.0,,,,,
1982,2,SW,0.0,,,,,
1982,3,NW,0.0,,,,,
1982,3,S,0.0,,,,,
1982,3,SW,0.0,,,,,
1982,4,NW,0.0,,,,,
1982,4,S,0.0,,,,,
1982,4,SW,0.0,,,,,
1982,5,NW,0.0,,,,,
1982,5,S,47559618386.63945,32.023056473618695,5.5,1.6888723373413086,8.0,256.18445178894956
1982,5,SW,0.0,,,,,
1982,6,NW,0.0,,,,,
1982,6,S,0.0,,,,,
1982,6,SW,0.0,,,,,
1982,7,NW,3251664080.833272,62.31112826154345,5.0,1.0848071575164795,1.0,62.31112826154345
1982,7,S,0.0,,,,,
1982,7,SW,0.0,,,,,
1982,8,NW,0.0,,,,,
1982,8,S,0.0,,,,,
1982,8,SW,0.0,,,,,
1982,9,NW,0.0,,,,,
1982,9,S,82632295599.43192,33.466902216348714,10.142857142857142,1.8642656803131104,7.0,234.268315514441
1982,9,SW,0.0,,,,,
1982,10,NW,0.0,,,,,
1982,10,S,0.0,,,,,
1982,10,SW,0.0,,,,,
1982,11,NW,0.0,,,,,
1982,11,S,0.0,,,,,
1982,11,SW,0.0,,,,,
1982,12,NW,0.0,,,,,
1982,12,S,0.0,,,,,
1982,12,SW,0.0,,,,,
1983,1,NW,0.0,,,,,
1983,1,S,0.0,,,,,
1983,1,SW,0.0,,,,,
1983,2,NW,0.0,,,,,
1983,2,S,0.0,,,,,
1983,2,SW,0.0,,,,,
1983,3,NW,0.0,,,,,
1983,3,S,22789908521.752743,32.69693244134144,6.4,1.1211904287338257,5.0,163.48466220670718
1983,3,SW,50405776848.3149,41.00414335571774,8.0,1.1464276313781738,9.0,369.0372902014596
1983,4,NW,0.0,,,,,
1983,4,S,0.0,,,,,
1983,4,SW,0.0,,,,,
1983,5,NW,0.0,,,,,
1983,5,S,0.0,,,,,
1983,5,SW,0.0,,,,,
1983,6,NW,0.0,,,,,
1983,6,S,0.0,,,,,
1983,6,SW,0.0,,,,,
1983,7,NW,46532548134.97229,81.96379916501739,7.714285714285714,1.4332821369171143,7.0,573.7465941551218
1983,7,S,0.0,,,,,
1983,7,SW,26991708322.487923,48.85782281692997,6.666666666666667,1.0783581733703613,6.0,293.1469369015798
1983,8,NW,12102410342.648714,63.99125161361358,7.5,1.3318192958831787,2.0,127.98250322722716
1983,8,S,0.0,,,,,
1983,8,SW,0.0,,,,,
1983,9,NW,0.0,,,,,
1983,9,S,0.0,,,,,
1983,9,SW,0.0,,,,,
1983,10,NW,0.0,,,,,
1983,10,S,7123560724.650721,35.39182665386684,6.0,1.926918387413025,1.0,35.39182665386684
1983,10,SW,0.0,,,,,
1983,11,NW,176131198563.37665,77.87178916747075,12.787878787878787,1.678584098815918,33.0,2569.769042526535
1983,11,S,37234429086.70183,32.865363329624294,7.25,1.6268717050552368,8.0,262.92290663699436
1983,11,SW,326568788530.77747,46.1033240260365,20.40909090909091,1.7324929237365723,22.0,1014.273128572803
1983,12,NW,265763280344.3324,76.40802552035197,5.0,1.3493517637252808,5.0,382.04012760175993
1983,12,S,21164552842.28324,,,1.5959182977676392,,
1983,12,SW,150482962131.9971,,,1.525815725326538,,
1984,1,NW,0.0,,,,,
1984,1,S,0.0,,,,,
1984,1,SW,0.0,,,,,
1984,2,NW,0.0,,,,,
1984,2,S,0.0,,,,,
1984,2,SW,0.0,,,,,
1984,3,NW,0.0,,,,,
1984,3,S,0.0,,,,,
1984,3,SW,0.0,,,,,
1984,4,NW,0.0,,,,,
1984,4,S,0.0,,,,,
1984,4,SW,0.0,,,,,
1984,5,NW,0.0,,,,,
1984,5,S,0.0,,,,,
1984,5,SW,0.0,,,,,
1984,6,NW,0.0,,,,,
1984,6,S,0.0,,,,,
1984,6,SW,0.0,,,,,
1984,7,NW,61028676877.520676,66.93052179643644,7.75,1.6088106632232666,8.0,535.4441743714915
1984,7,S,0.0,,,,,
1984,7,SW,0.0,,,,,
1984,8,NW,0.0,,,,,
1984,8,S,0.0,,,,,
1984,8,SW,0.0,,,,,
1984,9,NW,0.0,,,,,
1984,9,S,0.0,,,,,
1984,9,SW,0.0,,,,,
1984,10,NW,0.0,,,,,
1984,10,S,0.0,,,,,
1984,10,SW,0.0,,,,,
1984,11,NW,0.0,,,,,
1984,11,S,0.0,,,,,
1984,11,SW,0.0,,,,,
1984,12,NW,0.0,,,,,
1984,12,S,0.0,,,,,
1984,12,SW,0.0,,,,,
1985,1,NW,0.0,,,,,
1985,1,S,0.0,,,,,
1985,1,SW,0.0,,,,,
1985,2,NW,0.0,,,,,
1985,2,S,0.0,,,,,
1985,2,SW,0.0,,,,,
1985,3,NW,0.0,,,,,
1985,3,S,0.0,,,,,
1985,3,SW,0.0,,,,,
1985,4,NW,0.0,,,,,
1985,4,S,0.0,,,,,
1985,4,SW,0.0,,,,,
1985,5,NW,0.0,,,,,
1985,5,S,0.0,,,,,
1985,5,SW,0.0,,,,,
1985,6,NW,0.0,,,,,
1985,6,S,0.0,,,,,
1985,6,SW,0.0,,,,,
1985,7,NW,64118711609.39675,81.61280345099061,5.333333333333333,1.6756300926208496,12.0,979.3536414118875
1985,7,S,0.0,,,,,
1985,7,SW,8032718739.893671,55.587140006886386,5.0,1.3305280208587646,2.0,111.17428001377277
1985,8,NW,0.0,,,,,
1985,8,S,0.0,,,,,
1985,8,SW,0.0,,,,,
1985,9,NW,0.0,,,,,
1985,9,S,8424285404.590918,33.70751777103851,5.5,1.5118401050567627,2.0,67.41503554207702
1985,9,SW,0.0,,,,,
1985,10,NW,0.0,,,,,
1985,10,S,6527615266.565212,35.39182665386684,5.0,1.4958652257919312,1.0,35.39182665386684
1985,10,SW,4914917160.761978,35.39182665386661,5.0,1.5953781604766846,1.0,35.39182665386661
1985,11,NW,0.0,,,,,
1985,11,S,0.0,,,,,
1985,11,SW,0.0,,,,,
1985,12,NW,0.0,,,,,
1985,12,S,0.0,,,,,
1985,12,SW,0.0,,,,,
1986,1,NW,0.0,,,,,
1986,1,S,0.0,,,,,
1986,1,SW,0.0,,,,,
1986,2,NW,0.0,,,,,
1986,2,S,0.0,,,,,
1986,2,SW,0.0,,,,,
1986,3,NW,0.0,,,,,
1986,3,S,0.0,,,,,
1986,3,SW,0.0,,,,,
1986,4,NW,0.0,,,,,
1986,4,S,0.0,,,,,
1986,4,SW,0.0,,,,,
1986,5,NW,0.0,,,,,
1986,5,S,0.0,,,,,
1986,5,SW,0.0,,,,,
1986,6,NW,0.0,,,,,
1986,6,S,0.0,,,,,
1986,6,SW,0.0,,,,,
1986,7,NW,0.0,,,,,
1986,7,S,0.0,,,,,
1986,7,SW,0.0,,,,,
1986,8,NW,0.0,,,,,
1986,8,S,0.0,,,,,
1986,8,SW,0.0,,,,,
1986,9,NW,160940336431.13333,73.87717525360435,7.555555555555555,1.8549559116363525,18.0,1329.7891545648781
1986,9,S,0.0,,,,,
1986,9,SW,9687801341.770943,53.905333237362,5.5,1.4355827569961548,2.0,107.810666474724
1986,10,NW,2704177485.249396,,,1.5254827737808228,,
1986,10,S,0.0,,,,,
1986,10,SW,5102705227.125173,52.22352646783737,6.0,1.4037939310073853,1.0,52.22352646783737
1986,11,NW,0.0,,,,,
1986,11,S,0.0,,,,,
1986,11,SW,0.0,,,,,
1986,12,NW,0.0,,,,,
1986,12,S,0.0,,,,,
1986,12,SW,0.0,,,,,
1987,1,NW,0.0,,,,,
1987,1,S,0.0,,,,,
1987,1,SW,0.0,,,,,
1987,2,NW,0.0,,,,,
1987,2,S,0.0,,,,,
1987,2,SW,0.0,,,,,
1987,3,NW,38847741227.21188,75.32356599585563,6.0,1.289839506149292,8.0,602.588527966845
1987,3,S,50844934827.912254,32.023086956536986,6.5,1.1680322885513306,10.0,320.23086956536986
1987,3,SW,3432069753.4802327,35.39182665386661,5.0,1.1140470504760742,1.0,35.39182665386661
1987,4,NW,0.0,,,,,
1987,4,S,0.0,,,,,
1987,4,SW,0.0,,,,,
1987,5,NW,0.0,,,,,
1987,5,S,0.0,,,,,
1987,5,SW,4134560361.6623077,58.949695276924615,5.0,1.3744903802871704,1.0,58.949695276924615
1987,6,NW,0.0,,,,,
1987,6,S,0.0,,,,,
1987,6,SW,0.0,,,,,
1987,7,NW,0.0,,,,,
1987,7,S,12391473914.355423,32.023208888210135,5.333333333333333,1.235530138015747,3.0,96.06962666463039
1987,7,SW,0.0,,,,,
1987,8,NW,0.0,,,,,
1987,8,S,10702799945.395113,32.023208888210114,5.0,1.7313579320907593,2.0,64.04641777642023
1987,8,SW,49263502114.76321,42.499620823211444,5.222222222222222,1.625882625579834,9.0,382.496587408903
1987,9,NW,20332983471.30605,71.03473370870176,5.2,1.7870235443115234,5.0,355.17366854350877
1987,9,S,148095902812.54462,32.77179061391161,14.444444444444445,1.9072394371032715,9.0,294.94611552520456
1987,9,SW,143071741880.26135,43.16158664890766,13.153846153846153,1.7927476167678833,13.0,561.1006264357997
1987,10,NW,6761800157.974371,,,1.6268954277038574,,
1987,10,S,5260448654.542711,,,1.4182767868041992,,
1987,10,SW,57533075666.483925,,,1.7004680633544922,,
1987,11,NW,0.0,,,,,
1987,11,S,0.0,,,,,
1987,11,SW,0.0,,,,,
1987,12,NW,0.0,,,,,
1987,12,S,0.0,,,,,
1987,12,SW,0.0,,,,,
1988,1,NW,0.0,,,,,
1988,1,S,0.0,,,,,
1988,1,SW,0.0,,,,,
1988,2,NW,0.0,,,,,
1988,2,S,0.0,,,,,
1988,2,SW,0.0,,,,,
1988,3,NW,20415924999.568653,85.24123078062527,5.166666666666667,1.1172579526901245,6.0,511.44738468375164
1988,3,S,0.0,,,,,
1988,3,SW,0.0,,,,,
1988,4,NW,0.0,,,,,
1988,4,S,0.0,,,,,
1988,4,SW,0.0,,,,,
1988,5,NW,0.0,,,,,
1988,5,S,0.0,,,,,
1988,5,SW,0.0,,,,,
1988,6,NW,6034207914.769803,89.15451550496645,5.0,2.0732250213623047,1.0,89.15451550496645
1988,6,S,0.0,,,,,
1988,6,SW,0.0,,,,,
1988,7,NW,4736208700.0783825,95.84966563786587,5.0,1.6398169994354248,1.0,95.84966563786587
1988,7,S,1078956802.049064,35.39182665386666,8.0,1.7511425018310547,1.0,35.39182665386666
1988,7,SW,0.0,,,,,
1988,8,NW,0.0,,,,,
1988,8,S,8468666777.838469,,,1.9635159969329834,,
1988,8,SW,0.0,,,,,
1988,9,NW,0.0,,,,,
1988,9,S,0.0,,,,,
1988,9,SW,0.0,,,,,
1988,10,NW,0.0,,,,,
1988,10,S,0.0,,,,,
1988,10,SW,0.0,,,,,
1988,11,NW,125419226369.49522,71.18040821115214,10.071428571428571,1.5453226566314697,14.0,996.52571495613
1988,11,S,0.0,,,,,
1988,11,SW,163178272729.77383,51.10065841322739,12.066666666666666,1.5458271503448486,15.0,766.5098761984109
1988,12,NW,8374683609.201977,,,1.2599422931671143,,
1988,12,S,0.0,,,,,
1988,12,SW,9684493421.635754,,,1.34402334690094,,
1989,1,NW,5501910528.018648,94.17631837311566,5.0,0.9507481455802917,2.0,188.35263674623133
1989,1,S,0.0,,,,,
1989,1,SW,0.0,,,,,
1989,2,NW,11408851300.212358,73.49064072031774,6.333333333333333,1.0275508165359497,3.0,220.47192216095323
1989,2,S,0.0,,,,,
1989,2,SW,9550103715.042212,56.707639007228934,5.666666666666667,0.9343156218528748,3.0,170.1229170216868
1989,3,NW,15151294704.18602,64.83100072641079,6.0,1.036534309387207,4.0,259.32400290564317
1989,3,S,0.0,,,,,
1989,3,SW,0.0,,,,,
1989,4,NW,0.0,,,,,
1989,4,S,0.0,,,,,
1989,4,SW,0.0,,,,,
1989,5,NW,49190169385.9378,92.50238408373261,8.833333333333334,1.7913146018981934,6.0,555.0143045023956
1989,5,S,0.0,,,,,
1989,5,SW,8086960181.116023,43.81017872178258,6.0,1.323451042175293,2.0,87.62035744356515
1989,6,NW,74330763721.90065,86.47046631476482,6.1,1.7391458749771118,10.0,864.7046631476483
1989,6,S,0.0,,,,,
1989,6,SW,1489493172.9820719,,,1.2187738418579102,,
1989,7,NW,26742289210.646614,70.0370062061846,32.1,1.3949062824249268,10.0,700.370062061846
1989,7,S,125664701688.46907,32.02311509461541,13.23076923076923,1.9885673522949219,13.0,416.30049623000036
1989,7,SW,208595085834.36694,45.49186508071844,31.6875,1.5731066465377808,16.0,727.869841291495
1989,8,NW,838306327641.2303,79.9665752452303,21.217391304347824,1.7838315963745117,23.0,1839.2312306402969
1989,8,S,115957477239.53926,32.023208888210114,5.0,2.012488842010498,2.0,64.04641777642023
1989,8,SW,498194416004.6607,45.488562898186586,15.0,2.068929672241211,5.0,227.44281449093293
1989,9,NW,0.0,,,,,
1989,9,S,0.0,,,,,
1989,9,SW,0.0,,,,,
1989,10,NW,6579059303.158409,62.311128261543374,6.0,1.829066276550293,2.0,124.62225652308675
1989,10,S,75484903716.13965,33.146081476762305,12.0,1.785948395729065,6.0,198.87648886057383
1989,10,SW,107099410477.07683,42.60665649991638,8.785714285714286,1.681045413017273,14.0,596.4931909988294
1989,11,NW,5460328387.784783,,,1.518044114112854,,
1989,11,S,4270705314.013714,,,1.7328343391418457,,
1989,11,SW,22782026714.508484,,,1.6654107570648193,,
1989,12,NW,164559202976.74094,77.15053655371479,10.947368421052632,1.332692265510559,19.0,1465.8601945205808
1989,12,S,0.0,,,,,
1989,12,SW,28324890784.483818,52.78362093536318,7.0,1.0782220363616943,6.0,316.7017256121791
1990,1,NW,166639057621.70795,81.16678387394548,13.470588235294118,1.1135308742523193,34.0,2759.670651714146
1990,1,S,0.0,,,,,
1990,1,SW,27791682290.2631,50.541222582092026,12.0,0.9582700729370117,4.0,202.1648903283681
1990,2,NW,340591201478.2046,76.13981534210916,13.84,1.2093679904937744,25.0,1903.4953835527292
1990,2,S,0.0,,,,,
1990,2,SW,41630353922.572296,52.97032620848074,9.444444444444445,1.051902413368225,9.0,476.7329358763267
1990,3,NW,213968299461.8585,76.32054263691498,7.913043478260869,1.1560736894607544,23.0,1755.3724806490445
1990,3,S,4030091447.111765,35.39182665386684,6.0,1.090137004852295,1.0,35.39182665386684
1990,3,SW,58352008032.84926,46.69355317355788,5.285714285714286,0.9771849513053894,14.0,653.7097444298103
1990,4,NW,0.0,,,,,
1990,4,S,0.0,,,,,
1990,4,SW,0.0,,,,,
1990,5,NW,97795065471.95177,82.75187294954927,9.272727272727273,1.6727027893066406,11.0,910.270602445042
1990,5,S,4460720256.1856785,35.39182665386666,6.0,1.206621766090393,1.0,35.39182665386666
1990,5,SW,34388527355.18059,56.7079917635658,13.333333333333334,1.3718736171722412,3.0,170.1239752906974
1990,6,NW,1003016091.0845616,,,1.6851367950439453,,
1990,6,S,0.0,,,,,
1990,6,SW,0.0,,,,,
1990,7,NW,402525603304.7284,77.20534129016471,15.09375,1.6882684230804443,32.0,2470.5709212852707
1990,7,S,43612215862.536316,32.02320888821013,10.25,1.670583724975586,4.0,128.0928355528405
1990,7,SW,170842227222.80142,47.07505006455586,12.294117647058824,1.649674892425537,17.0,800.2758510974496
1990,8,NW,169526840568.59467,69.02917669265901,7.090909090909091,1.65992271900177,11.0,759.320943619249
1990,8,S,56698417024.43659,33.14608147676237,7.0,2.0529627799987793,6.0,198.87648886057423
1990,8,SW,127104446700.60747,43.80845454945045,6.3125,1.562122106552124,16.0,700.9352727912072
1990,9,NW,0.0,,,,,
1990,9,S,0.0,,,,,
1990,9,SW,65905403712.83265,46.93536923707414,6.714285714285714,1.514309048652649,14.0,657.0951693190381
1990,10,NW,0.0,,,,,
1990,10,S,0.0,,,,,
1990,10,SW,24541556279.148277,,,1.6070419549942017,,
1990,11,NW,0.0,,,,,
1990,11,S,0.0,,,,,
1990,11,SW,0.0,,,,,
1990,12,NW,0.0,,,,,
1990,12,S,0.0,,,,,
1990,12,SW,0.0,,,,,
1991,1,NW,0.0,,,,,
1991,1,S,0.0,,,,,
1991,1,SW,0.0,,,,,
1991,2,NW,0.0,,,,,
1991,2,S,0.0,,,,,
1991,2,SW,0.0,,,,,
1991,3,NW,0.0,,,,,
1991,3,S,0.0,,,,,
1991,3,SW,0.0,,,,,
1991,4,NW,0.0,,,,,
1991,4,S,0.0,,,,,
1991,4,SW,0.0,,,,,
1991,5,NW,0.0,,,,,
1991,5,S,0.0,,,,,
1991,5,SW,0.0,,,,,
1991,6,NW,0.0,,,,,
1991,6,S,0.0,,,,,
1991,6,SW,0.0,,,,,
1991,7,NW,0.0,,,,,
1991,7,S,0.0,,,,,
1991,7,SW,0.0,,,,,
1991,8,NW,35563490670.459435,76.3374211037653,24.714285714285715,1.740085482597351,28.0,2137.4477909054285
1991,8,S,122355734821.16095,31.686225179971267,14.9,2.093573570251465,10.0,316.8622517997127
1991,8,SW,184287266256.2174,47.07505006455586,30.235294117647058,2.0918846130371094,17.0,800.2758510974496
1991,9,NW,893918252705.4829,83.11514129616333,18.0,2.014775514602661,5.0,415.5757064808167
1991,9,S,94159654591.50491,31.461569374478746,6.333333333333333,1.5619847774505615,6.0,188.76941624687248
1991,9,SW,422497466223.4551,52.22352646783737,14.0,1.7952547073364258,1.0,52.22352646783737
1991,10,NW,0.0,,,,,
1991,10,S,0.0,,,,,
1991,10,SW,0.0,,,,,
1991,11,NW,0.0,,,,,
1991,11,S,0.0,,,,,
1991,11,SW,0.0,,,,,
1991,12,NW,0.0,,,,,
1991,12,S,0.0,,,,,
1991,12,SW,0.0,,,,,
1992,1,NW,0.0,,,,,
1992,1,S,0.0,,,,,
1992,1,SW,0.0,,,,,
1992,2,NW,0.0,,,,,
1992,2,S,0.0,,,,,
1992,2,SW,0.0,,,,,
1992,3,NW,0.0,,,,,
1992,3,S,0.0,,,,,
1992,3,SW,0.0,,,,,
1992,4,NW,0.0,,,,,
1992,4,S,0.0,,,,,
1992,4,SW,0.0,,,,,
1992,5,NW,0.0,,,,,
1992,5,S,0.0,,,,,
1992,5,SW,0.0,,,,,
1992,6,NW,0.0,,,,,
1992,6,S,0.0,,,,,
1992,6,SW,0.0,,,,,
1992,7,NW,0.0,,,,,
1992,7,S,0.0,,,,,
1992,7,SW,0.0,,,,,
1992,8,NW,0.0,,,,,
1992,8,S,0.0,,,,,
1992,8,SW,0.0,,,,,
1992,9,NW,0.0,,,,,
1992,9,S,0.0,,,,,
1992,9,SW,0.0,,,,,
1992,10,NW,0.0,,,,,
1992,10,S,0.0,,,,,
1992,10,SW,0.0,,,,,
1992,11,NW,0.0,,,,,
1992,11,S,0.0,,,,,
1992,11,SW,0.0,,,,,
1992,12,NW,0.0,,,,,
1992,12,S,0.0,,,,,
1992,12,SW,0.0,,,,,
1993,1,NW,0.0,,,,,
1993,1,S,0.0,,,,,
1993,1,SW,0.0,,,,,
1993,2,NW,3099598580.52825,89.15451550496624,6.0,0.8874632716178894,1.0,89.15451550496624
1993,2,S,0.0,,,,,
1993,2,SW,0.0,,,,,
1993,3,NW,0.0,,,,,
1993,3,S,0.0,,,,,
1993,3,SW,0.0,,,,,
1993,4,NW,0.0,,,,,
1993,4,S,0.0,,,,,
1993,4,SW,0.0,,,,,
1993,5,NW,0.0,,,,,
1993,5,S,0.0,,,,,
1993,5,SW,0.0,,,,,
1993,6,NW,70705319697.97147,76.22039697930978,5.714285714285714,1.4598928689956665,14.0,1067.0855577103368
1993,6,S,0.0,,,,,
1993,6,SW,0.0,,,,,
1993,7,NW,0.0,,,,,
1993,7,S,17298920241.863926,33.14608147676231,5.666666666666667,1.8678640127182007,3.0,99.43824443028694
1993,7,SW,0.0,,,,,
1993,8,NW,0.0,,,,,
1993,8,S,1742360747.7939634,,,1.4117774963378906,,
1993,8,SW,0.0,,,,,
1993,9,NW,0.0,,,,,
1993,9,S,0.0,,,,,
1993,9,SW,0.0,,,,,
1993,10,NW,0.0,,,,,
1993,10,S,0.0,,,,,
1993,10,SW,0.0,,,,,
1993,11,NW,0.0,,,,,
1993,11,S,0.0,,,,,
1993,11,SW,0.0,,,,,
1993,12,NW,0.0,,,,,
1993,12,S,0.0,,,,,
1993,12,SW,0.0,,,,,
1994,1,NW,0.0,,,,,
1994,1,S,0.0,,,,,
1994,1,SW,0.0,,,,,
1994,2,NW,0.0,,,,,
1994,2,S,0.0,,,,,
1994,2,SW,0.0,,,,,
1994,3,NW,0.0,,,,,
1994,3,S,2497734274.140418,32.02320888821018,5.0,0.8081010580062866,1.0,32.02320888821018
1994,3,SW,0.0,,,,,
1994,4,NW,0.0,,,,,
1994,4,S,0.0,,,,,
1994,4,SW,0.0,,,,,
1994,5,NW,0.0,,,,,
1994,5,S,0.0,,,,,
1994,5,SW,0.0,,,,,
1994,6,NW,103698346674.01208,76.07462914801937,5.65,1.5541454553604126,20.0,1521.4925829603874
1994,6,S,0.0,,,,,
1994,6,SW,19130338303.83848,56.7079917635658,7.0,1.440284252166748,3.0,170.1239752906974
1994,7,NW,5675122889.147541,70.70921254164601,5.0,0.9551809430122375,2.0,141.41842508329202
1994,7,S,0.0,,,,,
1994,7,SW,0.0,,,,,
1994,8,NW,0.0,,,,,
1994,8,S,0.0,,,,,
1994,8,SW,0.0,,,,,
1994,9,NW,0.0,,,,,
1994,9,S,0.0,,,,,
1994,9,SW,0.0,,,,,
1994,10,NW,0.0,,,,,
1994,10,S,0.0,,,,,
1994,10,SW,0.0,,,,,
1994,11,NW,0.0,,,,,
1994,11,S,0.0,,,,,
1994,11,SW,0.0,,,,,
1994,12,NW,26081673953.908398,94.73410079469924,11.0,1.3341643810272217,3.0,284.2023023840978
1994,12,S,14323923963.289991,33.70751777103838,6.0,1.0350736379623413,4.0,134.83007108415353
1994,12,SW,124078300599.02039,43.47232413326288,9.0,1.155645728111267,20.0,869.4464826652576
1995,1,NW,20927285859.64867,84.12793545842429,5.0,1.1918013095855713,6.0,504.76761275054577
1995,1,S,0.0,,,,,
1995,1,SW,0.0,,,,,
1995,2,NW,0.0,,,,,
1995,2,S,46675638696.39669,31.716860062538494,6.7272727272727275,1.012252926826477,11.0,348.88546068792346
1995,2,SW,4357807786.49951,35.39182665386668,7.0,1.010386347770691,1.0,35.39182665386668
1995,3,NW,6738302857.725339,95.84966563786614,5.0,1.1665009260177612,2.0,191.69933127573228
1995,3,S,0.0,,,,,
1995,3,SW,0.0,,,,,
1995,4,NW,0.0,,,,,
1995,4,S,33861008664.83854,33.14608147676234,7.333333333333333,1.211958646774292,6.0,198.87648886057406
1995,4,SW,46037511146.53642,39.180294419942065,7.25,1.173421025276184,8.0,313.4423553595365
1995,5,NW,0.0,,,,,
1995,5,S,0.0,,,,,
1995,5,SW,0.0,,,,,
1995,6,NW,0.0,,,,,
1995,6,S,0.0,,,,,
1995,6,SW,0.0,,,,,
1995,7,NW,433248655660.41956,79.62938120742736,16.56,1.739864468574524,25.0,1990.734530185684
1995,7,S,0.0,,,,,
1995,7,SW,68777095547.40836,49.46878193166249,8.545454545454545,1.1714116334915161,11.0,544.1566012482874
1995,8,NW,5994356941.32156,62.311128261543374,5.0,1.6665111780166626,2.0,124.62225652308675
1995,8,S,14432725798.62688,28.653981464187712,8.0,1.8931379318237305,2.0,57.307962928375424
1995,8,SW,50907164496.64879,46.61320860454831,6.166666666666667,1.6239787340164185,12.0,559.3585032545798
1995,9,NW,3186432000.8248625,,,1.328805923461914,,
1995,9,S,3967259725.1126146,,,1.5992083549499512,,
1995,9,SW,24210080204.63255,,,1.4396722316741943,,
1995,10,NW,0.0,,,,,
1995,10,S,16050457440.057178,33.1460814767623,5.0,1.7332394123077393,3.0,99.43824443028689
1995,10,SW,56913566379.8629,38.759524659629214,29.166666666666668,1.8134325742721558,6.0,232.55714795777527
1995,11,NW,72794174115.00223,67.90961609833803,6.583333333333333,1.5258833169937134,12.0,814.9153931800564
1995,11,S,163118719997.91776,32.63562942211449,15.818181818181818,1.4984264373779297,11.0,358.9919236432593
1995,11,SW,380076996887.0812,51.513948978689655,12.263157894736842,1.7375540733337402,19.0,978.7650305951036
1995,12,NW,138105408143.0389,77.20534129016471,23.125,1.170822262763977,32.0,2470.5709212852707
1995,12,S,10676485294.927193,31.349241471732537,13.8,1.0202277898788452,5.0,156.7462073586627
1995,12,SW,66815676815.06365,49.633711107567315,20.923076923076923,1.069012999534607,13.0,645.2382443983752
1996,1,NW,400886592352.05206,86.75896392398532,6.285714285714286,1.1830838918685913,14.0,1214.6254949357944
1996,1,S,64746994204.935905,33.1460814767623,8.0,1.030150055885315,6.0,198.87648886057377
1996,1,SW,155269540766.1737,38.759401674768625,9.75,1.1591715812683105,4.0,155.0376066990745
1996,2,NW,44818410999.647095,65.67137496568373,8.0,1.1203639507293701,1.0,65.67137496568373
1996,2,S,0.0,,,,,
1996,2,SW,0.0,,,,,
1996,3,NW,0.0,,,,,
1996,3,S,0.0,,,,,
1996,3,SW,0.0,,,,,
1996,4,NW,10424231334.419222,89.15451550496644,5.0,1.7702817916870117,2.0,178.30903100993288
1996,4,S,0.0,,,,,
1996,4,SW,0.0,,,,,
1996,5,NW,0.0,,,,,
1996,5,S,0.0,,,,,
1996,5,SW,0.0,,,,,
1996,6,NW,0.0,,,,,
1996,6,S,38934788625.66623,33.14608147676232,6.777777777777778,1.87419593334198,9.0,298.3147332908609
1996,6,SW,3562409683.1831465,35.39182665386661,10.0,1.445444107055664,1.0,35.39182665386661
1996,7,NW,0.0,,,,,
1996,7,S,132025239113.45558,32.3600096989392,8.2,1.7975683212280273,10.0,323.60009698939206
1996,7,SW,95468931059.74533,44.19736877452898,7.615384615384615,1.3932194709777832,13.0,574.5657940688767
1996,8,NW,0.0,,,,,
1996,8,S,0.0,,,,,
1996,8,SW,0.0,,,,,
1996,9,NW,0.0,,,,,
1996,9,S,0.0,,,,,
1996,9,SW,0.0,,,,,
1996,10,NW,0.0,,,,,
1996,10,S,0.0,,,,,
1996,10,SW,0.0,,,,,
1996,11,NW,0.0,,,,,
1996,11,S,0.0,,,,,
1996,11,SW,0.0,,,,,
1996,12,NW,0.0,,,,,
1996,12,S,0.0,,,,,
1996,12,SW,0.0,,,,,
1997,1,NW,0.0,,,,,
1997,1,S,0.0,,,,,
1997,1,SW,0.0,,,,,
1997,2,NW,76429847074.7554,72.94387642979034,71.125,1.0787678956985474,24.0,1750.6530343149682
1997,2,S,0.0,,,,,
1997,2,SW,49666055292.34195,46.33287595468125,45.45,1.0822046995162964,20.0,926.657519093625
1997,3,NW,908429253409.345,89.89693360836321,56.55555555555556,1.6139403581619263,9.0,809.072402475269
1997,3,S,146058131537.232,32.54145777523424,19.923076923076923,1.1696603298187256,13.0,423.0389510780451
1997,3,SW,443561331373.96704,42.96652461797929,51.0,1.3829420804977417,4.0,171.86609847191716
1997,4,NW,1085779834314.3871,86.9189021685052,9.0,1.9429184198379517,3.0,260.7567065055156
1997,4,S,108865196473.99675,32.745055552279425,7.5,1.3318078517913818,14.0,458.430777731912
1997,4,SW,521093616742.09924,41.6443845738408,9.857142857142858,1.776823878288269,7.0,291.5106920168856
1997,5,NW,319974631037.5291,63.43121049625687,13.333333333333334,1.7319402694702148,3.0,190.29363148877061
1997,5,S,38933983780.055115,32.02320888821016,15.0,1.4897767305374146,1.0,32.02320888821016
1997,5,SW,181718888898.50363,46.613208604548326,9.833333333333334,1.5083421468734741,12.0,559.3585032545799
1997,6,NW,112354016640.1994,79.50823290374296,5.6875,1.5009790658950806,16.0,1272.1317264598874
1997,6,S,16073671126.41907,32.023208888210064,6.0,1.3671332597732544,1.0,32.023208888210064
1997,6,SW,152052300125.38364,47.89550812909616,8.428571428571429,1.4374432563781738,14.0,670.5371138073463
1997,7,NW,0.0,,,,,
1997,7,S,2477397036.8361206,32.023208888210135,5.333333333333333,0.9773699641227722,3.0,96.06962666463039
1997,7,SW,23505641273.489727,46.93500262875481,7.0,1.350524663925171,7.0,328.5450184012837
1997,8,NW,10987420835.560154,94.17631837311545,6.0,1.5819464921951294,2.0,188.3526367462309
1997,8,S,8969850613.473976,,,1.2091867923736572,,
1997,8,SW,17814176350.58644,,,1.393381953239441,,
1997,9,NW,828315482.1173563,79.09921989218388,6.0,1.4069976806640625,1.0,79.09921989218388
1997,9,S,134601730961.4404,32.30382542562055,10.583333333333334,1.6877472400665283,12.0,387.6459051074466
1997,9,SW,14964645227.079758,37.07579864160852,6.5,1.8607779741287231,2.0,74.15159728321704
1997,10,NW,177655438403.71118,81.57813993832524,6.592592592592593,1.5724643468856812,27.0,2202.609778334782
1997,10,S,54548718932.67715,33.28644055033137,6.75,1.700850486755371,8.0,266.29152440265096
1997,10,SW,31625461077.93676,45.4915137830477,5.8,1.6659032106399536,5.0,227.4575689152385
1997,11,NW,44256998121.335846,92.50231070565349,5.875,1.493519902229309,8.0,740.0184856452279
1997,11,S,2926133281.8587604,,,1.5679240226745605,,
1997,11,SW,0.0,,,,,
1997,12,NW,66444521995.62059,84.68440445037571,7.5,1.2148512601852417,12.0,1016.2128534045085
1997,12,S,0.0,,,,,
1997,12,SW,0.0,,,,,
1998,1,NW,154953019447.64624,83.0872912107147,11.19047619047619,1.051870584487915,21.0,1744.8331154250088
1998,1,S,0.0,,,,,
1998,1,SW,0.0,,,,,
1998,2,NW,350242616055.53467,77.20534129016471,16.28125,1.1415534019470215,32.0,2470.5709212852707
1998,2,S,88471270061.46397,32.02309804123454,13.636363636363637,1.1547414064407349,11.0,352.25407845357995
1998,2,SW,152409216784.9182,47.07505006455586,11.647058823529411,1.232611060142517,17.0,800.2758510974496
1998,3,NW,600640802169.1805,75.00861251825103,18.0,1.320292353630066,46.0,3450.3961758395476
1998,3,S,115809092061.04582,32.02310130143972,13.647058823529411,1.077765703201294,17.0,544.3927221244752
1998,3,SW,197263310679.74048,48.58766773648743,13.32,1.1078872680664062,25.0,1214.691693412186
1998,4,NW,89041836437.34387,,,1.1754839420318604,,
1998,4,S,92014438404.48705,,,1.5015000104904175,,
1998,4,SW,40688891381.40794,49.98045462017683,5.333333333333333,1.0850141048431396,3.0,149.9413638605305
1998,5,NW,0.0,,,,,
1998,5,S,0.0,,,,,
1998,5,SW,0.0,,,,,
1998,6,NW,0.0,,,,,
1998,6,S,0.0,,,,,
1998,6,SW,0.0,,,,,
1998,7,NW,0.0,,,,,
1998,7,S,0.0,,,,,
1998,7,SW,0.0,,,,,
1998,8,NW,0.0,,,,,
1998,8,S,0.0,,,,,
1998,8,SW,0.0,,,,,
1998,9,NW,0.0,,,,,
1998,9,S,0.0,,,,,
1998,9,SW,0.0,,,,,
1998,10,NW,0.0,,,,,
1998,10,S,0.0,,,,,
1998,10,SW,0.0,,,,,
1998,11,NW,0.0,,,,,
1998,11,S,0.0,,,,,
1998,11,SW,0.0,,,,,
1998,12,NW,0.0,,,,,
1998,12,S,0.0,,,,,
1998,12,SW,0.0,,,,,
1999,1,NW,0.0,,,,,
1999,1,S,0.0,,,,,
1999,1,SW,0.0,,,,,
1999,2,NW,0.0,,,,,
1999,2,S,0.0,,,,,
1999,2,SW,0.0,,,,,
1999,3,NW,0.0,,,,,
1999,3,S,0.0,,,,,
1999,3,SW,0.0,,,,,
1999,4,NW,0.0,,,,,
1999,4,S,22747431701.651783,32.69693244134151,6.2,1.180948257446289,5.0,163.48466220670753
1999,4,SW,0.0,,,,,
1999,5,NW,0.0,,,,,
1999,5,S,0.0,,,,,
1999,5,SW,18379442512.876236,48.01730166499348,5.75,1.311737060546875,4.0,192.06920665997393
1999,6,NW,21941309523.01254,77.42178884142643,5.25,1.738096833229065,4.0,309.68715536570573
1999,6,S,0.0,,,,,
1999,6,SW,0.0,,,,,
1999,7,NW,0.0,,,,,
1999,7,S,0.0,,,,,
1999,7,SW,0.0,,,,,
1999,8,NW,335995983363.8385,80.04990237765509,14.69047619047619,1.790956974029541,42.0,3362.0958998615138
1999,8,S,4957596729.7332115,32.02320888821016,5.0,1.6039493083953857,1.0,32.02320888821016
1999,8,SW,11371745166.433,54.74497782715757,10.0,1.5614813566207886,4.0,218.97991130863028
1999,9,NW,391612875275.1259,82.45205285629373,6.333333333333333,1.974253535270691,3.0,247.35615856888123
1999,9,S,0.0,,,,,
1999,9,SW,45379002197.31628,44.37124606382012,7.666666666666667,1.4543908834457397,3.0,133.11373819146033
1999,10,NW,0.0,,,,,
1999,10,S,0.0,,,,,
1999,10,SW,0.0,,,,,
1999,11,NW,0.0,,,,,
1999,11,S,0.0,,,,,
1999,11,SW,0.0,,,,,
1999,12,NW,0.0,,,,,
1999,12,S,0.0,,,,,
1999,12,SW,0.0,,,,,
2000,1,NW,0.0,,,,,
2000,1,S,0.0,,,,,
2000,1,SW,0.0,,,,,
2000,2,NW,0.0,,,,,
2000,2,S,0.0,,,,,
2000,2,SW,0.0,,,,,
2000,3,NW,0.0,,,,,
2000,3,S,20804284346.57543,33.146081476762355,6.333333333333333,0.8534889817237854,6.0,198.87648886057414
2000,3,SW,23283886208.526768,45.969960732452805,5.285714285714286,1.0171805620193481,7.0,321.7897251271696
2000,4,NW,0.0,,,,,
2000,4,S,0.0,,,,,
2000,4,SW,0.0,,,,,
2000,5,NW,27413494409.55278,76.39859255290058,5.2,1.754702091217041,5.0,381.99296276450286
2000,5,S,5479791568.752098,32.02320888821012,6.0,1.4774141311645508,1.0,32.02320888821012
2000,5,SW,6222059834.548587,58.949695276924615,7.0,1.4774694442749023,1.0,58.949695276924615
2000,6,NW,17465890955.178146,74.43591483461071,8.0,1.236714482307434,18.0,1339.8464670229928
2000,6,S,3472138317.1339016,32.02320888821016,8.0,1.4041919708251953,1.0,32.02320888821016
2000,6,SW,36181447072.62389,46.61289372888439,8.333333333333334,1.348296046257019,15.0,699.1934059332658
2000,7,NW,122985387033.94318,65.67074983920776,5.5,1.5473783016204834,2.0,131.34149967841552
2000,7,S,2324817941.2265453,,,0.9401960372924805,,
2000,7,SW,65001526221.72071,52.22352646783737,5.0,1.1876107454299927,1.0,52.22352646783737
2000,8,NW,0.0,,,,,
2000,8,S,49018479704.71408,32.86536332962425,8.5,2.332770824432373,4.0,131.461453318497
2000,8,SW,21351365058.80612,37.07579864160852,8.0,2.169144630432129,2.0,74.15159728321704
2000,9,NW,0.0,,,,,
2000,9,S,0.0,,,,,
2000,9,SW,0.0,,,,,
2000,10,NW,0.0,,,,,
2000,10,S,0.0,,,,,
2000,10,SW,0.0,,,,,
2000,11,NW,0.0,,,,,
2000,11,S,0.0,,,,,
2000,11,SW,0.0,,,,,
2000,12,NW,0.0,,,,,
2000,12,S,0.0,,,,,
2000,12,SW,0.0,,,,,
2001,1,NW,0.0,,,,,
2001,1,S,0.0,,,,,
2001,1,SW,0.0,,,,,
2001,2,NW,0.0,,,,,
2001,2,S,0.0,,,,,
2001,2,SW,0.0,,,,,
2001,3,NW,3026191299.2529535,84.12846933834865,5.0,1.7291748523712158,2.0,168.2569386766973
2001,3,S,0.0,,,,,
2001,3,SW,0.0,,,,,
2001,4,NW,4874295292.95869,,,1.1715747117996216,,
2001,4,S,0.0,,,,,
2001,4,SW,0.0,,,,,
2001,5,NW,0.0,,,,,
2001,5,S,0.0,,,,,
2001,5,SW,0.0,,,,,
2001,6,NW,0.0,,,,,
2001,6,S,0.0,,,,,
2001,6,SW,0.0,,,,,
2001,7,NW,0.0,,,,,
2001,7,S,0.0,,,,,
2001,7,SW,0.0,,,,,
2001,8,NW,5807066105.459381,89.15451550496645,6.0,1.6626533269882202,1.0,89.15451550496645
2001,8,S,0.0,,,,,
2001,8,SW,0.0,,,,,
2001,9,NW,0.0,,,,,
2001,9,S,0.0,,,,,
2001,9,SW,6723570543.247814,52.22352646783747,5.0,1.1098239421844482,2.0,104.44705293567495
2001,10,NW,0.0,,,,,
2001,10,S,0.0,,,,,
2001,10,SW,0.0,,,,,
2001,11,NW,0.0,,,,,
2001,11,S,0.0,,,,,
2001,11,SW,0.0,,,,,
2001,12,NW,0.0,,,,,
2001,12,S,0.0,,,,,
2001,12,SW,0.0,,,,,
2002,1,NW,154352924019.3514,67.1822133488055,12.45,1.0524895191192627,20.0,1343.64426697611
2002,1,S,6566211021.50875,35.39182665386675,6.0,0.8880777955055237,2.0,70.7836533077335
2002,1,SW,118851837412.85461,48.05554884517912,10.428571428571429,1.0513378381729126,21.0,1009.1665257487615
2002,2,NW,72990768741.03758,69.70098153577052,10.1,0.9994717240333557,10.0,697.0098153577052
2002,2,S,0.0,,,,,
2002,2,SW,59389027962.83377,50.30008701276563,8.571428571428571,1.0093046426773071,7.0,352.1006090893594
2002,3,NW,95860300882.86722,74.69012694336206,8.375,1.2209500074386597,16.0,1195.042031093793
2002,3,S,39870788493.1219,32.02309804123454,5.818181818181818,0.9887318015098572,11.0,352.25407845357995
2002,3,SW,90501258768.73009,47.17390439684719,7.8125,1.1940454244613647,16.0,754.7824703495551
2002,4,NW,0.0,,,,,
2002,4,S,0.0,,,,,
2002,4,SW,631606023.6138651,,,1.0498533248901367,,
2002,5,NW,0.0,,,,,
2002,5,S,0.0,,,,,
2002,5,SW,0.0,,,,,
2002,6,NW,0.0,,,,,
2002,6,S,0.0,,,,,
2002,6,SW,0.0,,,,,
2002,7,NW,0.0,,,,,
2002,7,S,0.0,,,,,
2002,7,SW,0.0,,,,,
2002,8,NW,0.0,,,,,
2002,8,S,0.0,,,,,
2002,8,SW,0.0,,,,,
2002,9,NW,6740024122.103056,83.28184148844308,11.0,1.6212701797485352,4.0,333.1273659537723
2002,9,S,0.0,,,,,
2002,9,SW,20499167343.933937,51.55040606705089,13.4,1.5798263549804688,5.0,257.7520303352545
2002,10,NW,157568261102.41916,83.28773183943876,6.8125,1.7793234586715698,16.0,1332.6037094310202
2002,10,S,0.0,,,,,
2002,10,SW,62406818675.8401,51.10199054400715,5.0,1.701344609260559,3.0,153.30597163202145
2002,11,NW,0.0,,,,,
2002,11,S,0.0,,,,,
2002,11,SW,2346267274.5246553,,,1.2894083261489868,,
2002,12,NW,0.0,,,,,
2002,12,S,0.0,,,,,
2002,12,SW,0.0,,,,,
2003,1,NW,0.0,,,,,
2003,1,S,0.0,,,,,
2003,1,SW,0.0,,,,,
2003,2,NW,0.0,,,,,
2003,2,S,0.0,,,,,
2003,2,SW,0.0,,,,,
2003,3,NW,3074691430.0982447,92.50297110836502,5.0,1.060448408126831,1.0,92.50297110836502
2003,3,S,0.0,,,,,
2003,3,SW,0.0,,,,,
2003,4,NW,0.0,,,,,
2003,4,S,0.0,,,,,
2003,4,SW,0.0,,,,,
2003,5,NW,0.0,,,,,
2003,5,S,0.0,,,,,
2003,5,SW,0.0,,,,,
2003,6,NW,0.0,,,,,
2003,6,S,10249361319.882114,33.70751777103839,5.0,1.635215401649475,2.0,67.41503554207678
2003,6,SW,0.0,,,,,
2003,7,NW,0.0,,,,,
2003,7,S,0.0,,,,,
2003,7,SW,6395663713.684874,52.22153801240966,5.0,1.0544096231460571,2.0,104.44307602481932
2003,8,NW,155519965248.98212,80.28081814524626,7.741935483870968,1.682177186012268,31.0,2488.705362502634
2003,8,S,97301784508.81483,31.349363403405665,7.1,2.1162302494049072,10.0,313.49363403405664
2003,8,SW,166042335934.05365,46.553538459410674,8.789473684210526,1.7072746753692627,19.0,884.5172307288028
2003,9,NW,279750348249.6965,76.01596184984815,9.458333333333334,1.8899914026260376,24.0,1824.3830843963556
2003,9,S,1918430454.1980064,,,1.551692008972168,,
2003,9,SW,56454095348.05536,50.77944393372629,7.285714285714286,1.4993197917938232,7.0,355.456107536084
2003,10,NW,60375468381.89293,,,1.5089789628982544,,
2003,10,S,0.0,,,,,
2003,10,SW,6010664715.839907,,,1.3900130987167358,,
2003,11,NW,0.0,,,,,
2003,11,S,0.0,,,,,
2003,11,SW,0.0,,,,,
2003,12,NW,0.0,,,,,
2003,12,S,0.0,,,,,
2003,12,SW,0.0,,,,,
2004,1,NW,0.0,,,,,
2004,1,S,0.0,,,,,
2004,1,SW,0.0,,,,,
2004,2,NW,0.0,,,,,
2004,2,S,17330387704.701683,32.58464518248626,5.166666666666667,0.8385252952575684,6.0,195.5078710949176
2004,2,SW,0.0,,,,,
2004,3,NW,0.0,,,,,
2004,3,S,0.0,,,,,
2004,3,SW,0.0,,,,,
2004,4,NW,0.0,,,,,
2004,4,S,0.0,,,,,
2004,4,SW,0.0,,,,,
2004,5,NW,0.0,,,,,
2004,5,S,0.0,,,,,
2004,5,SW,0.0,,,,,
2004,6,NW,469695991965.99835,78.54726922191281,11.864864864864865,1.8960062265396118,37.0,2906.248961210774
2004,6,S,4301837702.256756,32.02320888821016,5.0,1.391789197921753,1.0,32.02320888821016
2004,6,SW,24914112139.18474,53.06157529752148,7.0,1.419714093208313,4.0,212.24630119008592
2004,7,NW,21166570289.76403,82.45257610097515,28.0,1.2282987833023071,1.0,82.45257610097515
2004,7,S,0.0,,,,,
2004,7,SW,0.0,,,,,
2004,8,NW,1076059426659.4103,77.0360756511063,24.225806451612904,2.2572405338287354,31.0,2388.1183451842953
2004,8,S,7791409789.908879,32.02320888821016,7.0,1.800559401512146,1.0,32.02320888821016
2004,8,SW,247058362829.31595,47.80525152772394,13.1875,1.7333214282989502,16.0,764.884024443583
2004,9,NW,0.0,,,,,
2004,9,S,0.0,,,,,
2004,9,SW,16489522881.458542,45.49338074789484,8.0,1.7391060590744019,2.0,90.98676149578968
2004,10,NW,0.0,,,,,
2004,10,S,0.0,,,,,
2004,10,SW,0.0,,,,,
2004,11,NW,0.0,,,,,
2004,11,S,0.0,,,,,
2004,11,SW,0.0,,,,,
2004,12,NW,0.0,,,,,
2004,12,S,0.0,,,,,
2004,12,SW,0.0,,,,,
2005,1,NW,0.0,,,,,
2005,1,S,0.0,,,,,
2005,1,SW,0.0,,,,,
2005,2,NW,0.0,,,,,
2005,2,S,0.0,,,,,
2005,2,SW,0.0,,,,,
2005,3,NW,0.0,,,,,
2005,3,S,0.0,,,,,
2005,3,SW,0.0,,,,,
2005,4,NW,0.0,,,,,
2005,4,S,0.0,,,,,
2005,4,SW,0.0,,,,,
2005,5,NW,4635993498.529638,75.74435779066894,5.0,1.569156289100647,1.0,75.74435779066894
2005,5,S,0.0,,,,,
2005,5,SW,4173072543.074406,45.49338074789472,6.0,1.1402088403701782,1.0,45.49338074789472
2005,6,NW,33705309917.34694,83.19436743217894,6.111111111111111,1.5611821413040161,9.0,748.7493068896105
2005,6,S,271153537383.56113,32.282239538127456,16.76923076923077,1.9532201290130615,13.0,419.66911399565697
2005,6,SW,156428163695.01324,44.86051794984169,10.1875,1.7084484100341797,16.0,717.7682871974671
2005,7,NW,121049482815.57384,75.42013348363176,5.857142857142857,1.3797051906585693,21.0,1583.822803156267
2005,7,S,15476677312.957909,33.1460814767623,5.0,1.3573862314224243,3.0,99.43824443028689
2005,7,SW,78564128480.69954,47.50972477867396,5.8,1.2716586589813232,15.0,712.6458716801094
2005,8,NW,60835655466.49383,64.92437564188552,6.0,1.8296022415161133,9.0,584.3193807769696
2005,8,S,16510510526.823372,32.023208888210114,7.5,1.8238683938980103,2.0,64.04641777642023
2005,8,SW,86578738431.03983,45.21131538944384,6.75,1.6352696418762207,12.0,542.535784673326
2005,9,NW,0.0,,,,,
2005,9,S,0.0,,,,,
2005,9,SW,3260020718.668525,,,1.3411915302276611,,
2005,10,NW,0.0,,,,,
2005,10,S,0.0,,,,,
2005,10,SW,5946219805.675985,55.5871400068864,7.0,1.4070333242416382,1.0,55.5871400068864
2005,11,NW,0.0,,,,,
2005,11,S,0.0,,,,,
2005,11,SW,9907128774.808468,57.26841764190551,5.5,1.4798516035079956,2.0,114.53683528381102
2005,12,NW,0.0,,,,,
2005,12,S,0.0,,,,,
2005,12,SW,0.0,,,,,
2006,1,NW,0.0,,,,,
2006,1,S,0.0,,,,,
2006,1,SW,0.0,,,,,
2006,2,NW,0.0,,,,,
2006,2,S,0.0,,,,,
2006,2,SW,0.0,,,,,
2006,3,NW,0.0,,,,,
2006,3,S,582743175.3192347,32.02320888821016,5.0,0.9426851272583008,1.0,32.02320888821016
2006,3,SW,2077995713.2031922,37.63712263752248,5.0,1.1267236471176147,3.0,112.91136791256744
2006,4,NW,0.0,,,,,
2006,4,S,2216016639.8529515,,,0.8961949348449707,,
2006,4,SW,7494838494.387052,,,1.0159261226654053,,
2006,5,NW,261031868470.15884,73.72752613004866,24.55,1.6184316873550415,20.0,1474.5505226009734
2006,5,S,0.0,,,,,
2006,5,SW,11442868542.530922,58.949695276924594,16.0,1.1887685060501099,1.0,58.949695276924594
2006,6,NW,752445931994.4645,80.6002491946825,15.5,2.2728304862976074,20.0,1612.00498389365
2006,6,S,205736964819.6103,32.28228643492481,12.153846153846153,1.9932258129119873,13.0,419.66972365402256
2006,6,SW,493982927728.92035,46.40954303329433,29.272727272727273,1.9687132835388184,22.0,1021.0099467324753
2006,7,NW,664950841278.4337,76.32921111201051,19.558823529411764,1.787155032157898,34.0,2595.193177808357
2006,7,S,222131573572.3536,31.742338326480624,16.916666666666668,2.044250965118408,12.0,380.90805991776745
2006,7,SW,435782111514.1247,48.29514628853535,36.083333333333336,1.5833460092544556,12.0,579.5417554624241
2006,8,NW,94336648495.54611,,,1.582391619682312,,
2006,8,S,99537451853.48367,30.57916718386259,8.285714285714286,1.7565215826034546,7.0,214.05417028703812
2006,8,SW,291061613107.5033,52.22352646783737,6.0,1.8086436986923218,1.0,52.22352646783737
2006,9,NW,5906185178.073968,62.3111282615433,13.666666666666666,1.641998291015625,3.0,186.9333847846299
2006,9,S,193711633788.06525,32.02309804123454,12.545454545454545,2.0196566581726074,11.0,352.25407845357995
2006,9,SW,46287960928.7513,44.64876857877114,8.75,1.6432002782821655,8.0,357.1901486301691
2006,10,NW,745502549330.773,76.69617342280283,47.04761904761905,1.7050738334655762,42.0,3221.239283757719
2006,10,S,0.0,,,,,
2006,10,SW,166125090901.46283,47.45512906159117,32.75,1.6951375007629395,24.0,1138.923097478188
2006,11,NW,1232895703358.614,62.31112826154364,39.0,2.1822800636291504,1.0,62.31112826154364
2006,11,S,169795508139.68045,32.3600096989392,17.2,1.637712836265564,10.0,323.60009698939206
2006,11,SW,672721827007.5388,35.39182665386661,30.0,2.166351318359375,1.0,35.39182665386661
2006,12,NW,422738926970.72516,80.29381255244037,8.071428571428571,1.3376294374465942,14.0,1124.1133757341652
2006,12,S,34386461602.513275,32.985671106969185,5.857142857142857,1.340567946434021,7.0,230.89969774878432
2006,12,SW,190169695788.57474,35.39182665386665,5.5,1.618316650390625,2.0,70.7836533077333
2007,1,NW,236354541602.35953,84.0262922688688,16.764705882352942,1.1946702003479004,17.0,1428.4469685707695
2007,1,S,34415681734.60989,32.02314114839171,5.444444444444445,1.0457442998886108,9.0,288.2082703355254
2007,1,SW,4054963429.6219306,35.39182665386668,6.0,1.0968648195266724,1.0,35.39182665386668
2007,2,NW,15478699307.358644,90.82787870672999,5.75,1.1487313508987427,4.0,363.31151482691996
2007,2,S,0.0,,,,,
2007,2,SW,0.0,,,,,
2007,3,NW,74688768242.04929,81.38754292892762,7.157894736842105,0.9382107853889465,19.0,1546.3633156496248
2007,3,S,0.0,,,,,
2007,3,SW,0.0,,,,,
2007,4,NW,0.0,,,,,
2007,4,S,0.0,,,,,
2007,4,SW,0.0,,,,,
2007,5,NW,0.0,,,,,
2007,5,S,0.0,,,,,
2007,5,SW,0.0,,,,,
2007,6,NW,0.0,,,,,
2007,6,S,0.0,,,,,
2007,6,SW,0.0,,,,,
2007,7,NW,4993334122.772051,79.08039694970473,6.5,1.41904616355896,4.0,316.32158779881894
2007,7,S,0.0,,,,,
2007,7,SW,6590712729.8574505,57.268417641905494,7.25,1.218199610710144,4.0,229.07367056762197
2007,8,NW,34409920465.936714,73.49515811186428,5.0,1.6718868017196655,3.0,220.48547433559284
2007,8,S,0.0,,,,,
2007,8,SW,19140347822.872192,,,1.588034749031067,,
2007,9,NW,0.0,,,,,
2007,9,S,0.0,,,,,
2007,9,SW,0.0,,,,,
2007,10,NW,0.0,,,,,
2007,10,S,46666955603.712776,32.69693244134144,7.6,1.9649609327316284,5.0,163.48466220670718
2007,10,SW,8610709960.13028,35.39182665386661,7.0,1.996449589729309,1.0,35.39182665386661
2007,11,NW,0.0,,,,,
2007,11,S,53334713133.48207,32.86536332962426,14.0,1.5207899808883667,4.0,131.46145331849704
2007,11,SW,37542684221.42519,37.075798641608515,9.5,1.5919004678726196,4.0,148.30319456643406
2007,12,NW,0.0,,,,,
2007,12,S,18412189593.111065,32.69693244134146,7.2,0.9257386922836304,5.0,163.4846622067073
2007,12,SW,56090740950.8794,43.93862927152521,7.923076923076923,0.9728890657424927,13.0,571.2021805298277
2008,1,NW,4969044897.616506,77.42178884142646,5.0,0.8424566388130188,2.0,154.84357768285292
2008,1,S,28817484591.259804,32.86536332962429,8.25,0.9187482595443726,8.0,262.9229066369943
2008,1,SW,35265503577.9998,42.96700184568206,7.5,0.8937785029411316,8.0,343.7360147654565
2008,2,NW,243881015277.63382,77.67978411793369,9.543859649122806,1.0762498378753662,57.0,4427.74769472222
2008,2,S,99882579893.17603,32.24770211813849,14.866666666666667,1.045152187347412,15.0,483.7155317720773
2008,2,SW,253808480913.9244,46.71521233084772,16.303030303030305,1.2037532329559326,33.0,1541.6020069179747
2008,3,NW,118443585117.83478,,,1.0854133367538452,,
2008,3,S,70066265020.4896,,,1.1799136400222778,,
2008,3,SW,156278743521.69742,,,1.1673660278320312,,
2008,4,NW,2224084090.736504,70.14959883338823,5.0,1.247004508972168,3.0,210.44879650016466
2008,4,S,2320811386.505269,28.653981464187932,5.0,0.7484180331230164,1.0,28.653981464187932
2008,4,SW,3522419089.5524254,45.49338074789472,5.0,1.1549170017242432,1.0,45.49338074789472
2008,5,NW,11333785133.066084,,,1.5886496305465698,,
2008,5,S,0.0,,,,,
2008,5,SW,0.0,,,,,
2008,6,NW,0.0,,,,,
2008,6,S,32018585541.53697,31.349241471732537,6.0,2.1839802265167236,5.0,156.7462073586627
2008,6,SW,0.0,,,,,
2008,7,NW,29485253563.013454,83.70475500345249,6.375,1.646464467048645,8.0,669.6380400276199
2008,7,S,9944681902.187485,,,2.242450714111328,,
2008,7,SW,0.0,,,,,
2008,8,NW,25361472792.929573,89.15451550496624,5.0,1.711376428604126,1.0,89.15451550496624
2008,8,S,0.0,,,,,
2008,8,SW,0.0,,,,,
2008,9,NW,16581727616.108772,94.17631837311593,7.5,1.5849770307540894,2.0,188.35263674623187
2008,9,S,5067257104.694189,30.338595176198805,7.0,1.1254780292510986,2.0,60.67719035239761
2008,9,SW,0.0,,,,,
2008,10,NW,0.0,,,,,
2008,10,S,5616657060.154768,,,1.2705187797546387,,
2008,10,SW,0.0,,,,,
2008,11,NW,0.0,,,,,
2008,11,S,0.0,,,,,
2008,11,SW,0.0,,,,,
2008,12,NW,0.0,,,,,
2008,12,S,0.0,,,,,
2008,12,SW,0.0,,,,,
2009,1,NW,0.0,,,,,
2009,1,S,0.0,,,,,
2009,1,SW,0.0,,,,,
2009,2,NW,0.0,,,,,
2009,2,S,0.0,,,,,
2009,2,SW,0.0,,,,,
2009,3,NW,0.0,,,,,
2009,3,S,0.0,,,,,
2009,3,SW,0.0,,,,,
2009,4,NW,0.0,,,,,
2009,4,S,0.0,,,,,
2009,4,SW,0.0,,,,,
2009,5,NW,0.0,,,,,
2009,5,S,0.0,,,,,
2009,5,SW,0.0,,,,,
2009,6,NW,314355610327.4467,77.20534129016471,18.90625,1.9073634147644043,32.0,2470.5709212852707
2009,6,S,54705600979.71246,31.60197925291161,9.0,1.669397234916687,8.0,252.8158340232929
2009,6,SW,246109732794.28595,47.07505006455586,20.58823529411765,1.7584476470947266,17.0,800.2758510974496
2009,7,NW,424067183228.8605,62.311128261543374,5.0,1.7683284282684326,2.0,124.62225652308675
2009,7,S,23238684441.306366,,,1.5652000904083252,,
2009,7,SW,173034023482.48923,58.94969527692461,5.0,1.697688102722168,2.0,117.89939055384922
2009,8,NW,0.0,,,,,
2009,8,S,138431883506.81693,31.601979252911633,11.625,2.2774853706359863,8.0,252.81583402329306
2009,8,SW,0.0,,,,,
2009,9,NW,0.0,,,,,
2009,9,S,0.0,,,,,
2009,9,SW,0.0,,,,,
2009,10,NW,388819807458.1168,77.4833792386362,10.229166666666666,1.5592447519302368,48.0,3719.202203454538
2009,10,S,19352351810.03145,30.675517918601162,5.2,1.635021448135376,5.0,153.3775895930058
2009,10,SW,123897132456.95697,46.52500525618727,14.384615384615385,1.6710559129714966,13.0,604.8250683304344
2009,11,NW,108591322934.73746,79.09871792794273,5.0,1.5828362703323364,3.0,237.29615378382817
2009,11,S,7172683938.136955,,,1.5427157878875732,,
2009,11,SW,105221740016.27774,52.223277909727,7.0,1.7848212718963623,4.0,208.893111638908
2009,12,NW,1294233088.734448,95.84966563786587,5.0,1.120255470275879,1.0,95.84966563786587
2009,12,S,0.0,,,,,
2009,12,SW,0.0,,,,,
2010,1,NW,2175480975.9850035,,,1.2553609609603882,,
2010,1,S,5280657172.145485,35.39182665386684,8.0,1.0713106393814087,1.0,35.39182665386684
2010,1,SW,0.0,,,,,
2010,2,NW,0.0,,,,,
2010,2,S,0.0,,,,,
2010,2,SW,1830287352.0349345,40.44337366251045,7.5,0.9840166568756104,2.0,80.8867473250209
2010,3,NW,0.0,,,,,
2010,3,S,0.0,,,,,
2010,3,SW,17545889340.74151,41.00457467356387,6.0,0.9404187202453613,3.0,123.01372402069164
2010,4,NW,474522630464.5067,76.7540015014186,12.515151515151516,2.0074243545532227,33.0,2532.882049546814
2010,4,S,114883176697.99461,32.02309804123454,13.363636363636363,1.5684603452682495,11.0,352.25407845357995
2010,4,SW,250395177376.8292,47.53971958299299,11.565217391304348,1.6117851734161377,23.0,1093.4135504088388
2010,5,NW,82108731116.2396,93.17195779948584,6.8,1.618695616722107,5.0,465.8597889974292
2010,5,S,41687927682.07471,32.023208888210114,5.5,1.2470325231552124,2.0,64.04641777642023
2010,5,SW,64693915239.35441,44.64953827566776,6.125,1.2657092809677124,8.0,357.19630620534207
2010,6,NW,61265543538.18545,76.4150418064251,6.2,2.009430170059204,5.0,382.0752090321255
2010,6,S,1290400383.8489594,35.39182665386684,14.0,2.0943145751953125,1.0,35.39182665386684
2010,6,SW,7977333524.690126,,,1.4633811712265015,,
2010,7,NW,0.0,,,,,
2010,7,S,97117205018.29663,31.64878254572259,18.77777777777778,2.297177791595459,9.0,284.8390429115033
2010,7,SW,4251211480.531687,45.49338074789496,5.0,1.3938705921173096,1.0,45.49338074789496
2010,8,NW,22376411462.511734,78.81788054498233,6.25,1.6264153718948364,12.0,945.814566539788
2010,8,S,294485103537.98474,32.77172287409319,13.222222222222221,2.3044803142547607,9.0,294.94550586683874
2010,8,SW,0.0,,,,,
2010,9,NW,80721679376.60997,82.4506139408855,6.75,1.9039037227630615,4.0,329.802455763542
2010,9,S,51881486190.95985,35.39182665386684,8.0,2.1750364303588867,1.0,35.39182665386684
2010,9,SW,9192238863.998547,35.39182665386668,10.0,1.491896629333496,1.0,35.39182665386668
2010,10,NW,0.0,,,,,
2010,10,S,0.0,,,,,
2010,10,SW,0.0,,,,,
2010,11,NW,0.0,,,,,
2010,11,S,0.0,,,,,
2010,11,SW,0.0,,,,,
2010,12,NW,0.0,,,,,
2010,12,S,0.0,,,,,
2010,12,SW,0.0,,,,,
2011,1,NW,10153547323.403316,68.7217159412029,8.181818181818182,0.8862066268920898,11.0,755.938875353232
2011,1,S,0.0,,,,,
2011,1,SW,21676981209.99417,48.632813185981085,11.866666666666667,1.0141369104385376,15.0,729.4921977897163
2011,2,NW,78903883862.66351,76.48818414480677,6.555555555555555,1.0087361335754395,9.0,688.393657303261
2011,2,S,9047839400.996563,35.39182665386675,7.0,1.0489004850387573,2.0,70.7836533077335
2011,2,SW,123332557184.35779,42.12652755974895,5.571428571428571,1.108982801437378,7.0,294.8856929182426
2011,3,NW,0.0,,,,,
2011,3,S,10886356917.964922,32.58464518248622,5.666666666666667,1.0250332355499268,6.0,195.5078710949173
2011,3,SW,20699857449.833706,45.15556625754562,8.4,1.1311122179031372,10.0,451.5556625754562
2011,4,NW,397585829712.4308,76.65276227065577,25.8,1.6078819036483765,55.0,4215.901924886068
2011,4,S,170147169562.8961,32.472317279739976,29.6,1.449275016784668,15.0,487.0847591960996
2011,4,SW,390464612296.6392,48.564158795662,44.869565217391305,1.5198638439178467,23.0,1116.9756523002259
2011,5,NW,1245832371109.6646,95.84966563786587,8.0,2.1814937591552734,1.0,95.84966563786587
2011,5,S,377324428772.7308,31.180825824908823,15.625,2.084059953689575,8.0,249.44660659927058
2011,5,SW,739551073560.1256,,,2.3033483028411865,,
2011,6,NW,85018527029.48376,,,1.6678699254989624,,
2011,6,S,250937545054.0774,31.541803590726133,17.142857142857142,1.9658243656158447,7.0,220.79262513508294
2011,6,SW,226537160102.54715,55.5871400068864,6.0,1.8013015985488892,1.0,55.5871400068864
2011,7,NW,0.0,,,,,
2011,7,S,73401225275.29556,28.653981464187932,5.0,1.8535900115966797,1.0,28.653981464187932
2011,7,SW,0.0,,,,,
2011,8,NW,0.0,,,,,
2011,8,S,10209382909.217491,30.338595176199057,5.0,1.6311899423599243,2.0,60.677190352398114
2011,8,SW,0.0,,,,,
2011,9,NW,5474581358.210346,72.37900624406439,7.333333333333333,1.5286515951156616,3.0,217.13701873219318
2011,9,S,20748956613.839985,32.023086956536986,15.7,1.4396456480026245,10.0,320.23086956536986
2011,9,SW,4380734233.567438,49.976220645892525,14.666666666666666,1.44051992893219,3.0,149.92866193767756
2011,10,NW,86559413867.28525,68.54900827930501,5.571428571428571,1.5388189554214478,14.0,959.6861159102702
2011,10,S,220039230464.29697,32.69693244134151,10.8,1.8737537860870361,5.0,163.48466220670753
2011,10,SW,199261175656.8342,47.59416967182746,8.9375,1.7581230401992798,16.0,761.5067147492393
2011,11,NW,0.0,,,,,
2011,11,S,0.0,,,,,
2011,11,SW,0.0,,,,,
2011,12,NW,4369457082.252057,89.15451550496624,8.0,0.9382826089859009,1.0,89.15451550496624
2011,12,S,0.0,,,,,
2011,12,SW,0.0,,,,,
2012,1,NW,0.0,,,,,
2012,1,S,0.0,,,,,
2012,1,SW,0.0,,,,,
2012,2,NW,0.0,,,,,
2012,2,S,0.0,,,,,
2012,2,SW,0.0,,,,,
2012,3,NW,16154319618.551905,90.49120755624958,5.0,1.112427830696106,5.0,452.45603778124786
2012,3,S,0.0,,,,,
2012,3,SW,0.0,,,,,
2012,4,NW,0.0,,,,,
2012,4,S,0.0,,,,,
2012,4,SW,0.0,,,,,
2012,5,NW,42102311894.825226,85.32118869110202,11.142857142857142,2.0027592182159424,14.0,1194.4966416754285
2012,5,S,44222451700.114265,32.44428610891724,5.375,1.6253710985183716,8.0,259.5542888713379
2012,5,SW,0.0,,,,,
2012,6,NW,173948911729.08044,76.22194841435312,8.428571428571429,1.5643515586853027,7.0,533.5536389004718
2012,6,S,0.0,,,,,
2012,6,SW,0.0,,,,,
2012,7,NW,0.0,,,,,
2012,7,S,0.0,,,,,
2012,7,SW,0.0,,,,,
2012,8,NW,532156483523.1815,77.20534129016471,15.0625,1.8681659698486328,32.0,2470.5709212852707
2012,8,S,0.0,,,,,
2012,8,SW,81698634105.51158,54.913410263103344,12.8,1.983716368675232,5.0,274.5670513155167
2012,9,NW,128776487355.6184,69.28732571945132,7.769230769230769,1.6127530336380005,13.0,900.7352343528671
2012,9,S,0.0,,,,,
2012,9,SW,253519640557.69196,49.13749849968184,18.333333333333332,1.8736770153045654,12.0,589.6499819961821
2012,10,NW,45313303527.01319,64.23109062777338,7.571428571428571,1.3198970556259155,7.0,449.6176343944137
2012,10,S,0.0,,,,,
2012,10,SW,62369307411.00786,50.119071024554664,6.875,1.7955114841461182,8.0,400.9525681964373
2012,11,NW,0.0,,,,,
2012,11,S,0.0,,,,,
2012,11,SW,6034018718.460583,52.22352646783759,7.0,1.422861933708191,1.0,52.22352646783759
2012,12,NW,0.0,,,,,
2012,12,S,0.0,,,,,
2012,12,SW,0.0,,,,,
2013,1,NW,0.0,,,,,
2013,1,S,0.0,,,,,
2013,1,SW,0.0,,,,,
2013,2,NW,0.0,,,,,
2013,2,S,0.0,,,,,
2013,2,SW,0.0,,,,,
2013,3,NW,0.0,,,,,
2013,3,S,0.0,,,,,
2013,3,SW,0.0,,,,,
2013,4,NW,0.0,,,,,
2013,4,S,5380913096.92123,35.39182665386684,6.0,1.4555333852767944,1.0,35.39182665386684
2013,4,SW,0.0,,,,,
2013,5,NW,0.0,,,,,
2013,5,S,44336429507.876625,31.541803590726133,7.142857142857143,1.399684190750122,7.0,220.79262513508294
2013,5,SW,0.0,,,,,
2013,6,NW,0.0,,,,,
2013,6,S,0.0,,,,,
2013,6,SW,0.0,,,,,
2013,7,NW,214847991049.48724,83.31578329356412,14.88888888888889,1.775820255279541,27.0,2249.5261489262316
2013,7,S,67257156310.19588,32.58464518248622,9.5,1.8557236194610596,6.0,195.5078710949173
2013,7,SW,52204378487.19551,43.086350182268184,8.857142857142858,1.3575117588043213,7.0,301.6044512758773
2013,8,NW,240832066534.0538,69.03037141687257,6.0,1.8867241144180298,1.0,69.03037141687257
2013,8,S,66014352767.14991,32.023094577266555,17.1875,1.9235643148422241,16.0,512.3695132362649
2013,8,SW,4044648479.224351,35.39182665386665,12.5,1.2596429586410522,2.0,70.7836533077333
2013,9,NW,0.0,,,,,
2013,9,S,311102415355.83325,31.34936340340569,13.4,1.9868624210357666,5.0,156.74681701702846
2013,9,SW,65694399646.75683,38.33868539376947,9.125,1.6394102573394775,8.0,306.70948315015573
2013,10,NW,183559986636.20984,74.06265397094025,13.0,1.616928219795227,18.0,1333.1277714769244
2013,10,S,120456773135.88956,31.60197925291163,9.75,1.569047212600708,8.0,252.81583402329304
2013,10,SW,175308601901.78345,49.775416409654206,12.454545454545455,1.6316031217575073,11.0,547.5295805061962
2013,11,NW,68703972457.331245,79.09642718273022,6.666666666666667,1.5846930742263794,6.0,474.57856309638134
2013,11,S,4549534753.278639,28.653981464187932,7.0,1.0479567050933838,1.0,28.653981464187932
2013,11,SW,0.0,,,,,
2013,12,NW,0.0,,,,,
2013,12,S,0.0,,,,,
2013,12,SW,0.0,,,,,
2014,1,NW,0.0,,,,,
2014,1,S,0.0,,,,,
2014,1,SW,0.0,,,,,
2014,2,NW,0.0,,,,,
2014,2,S,0.0,,,,,
2014,2,SW,0.0,,,,,
2014,3,NW,0.0,,,,,
2014,3,S,0.0,,,,,
2014,3,SW,0.0,,,,,
2014,4,NW,44067709840.067474,91.54552386830262,5.428571428571429,1.9785542488098145,7.0,640.8186670781184
2014,4,S,1211614926.8644521,28.653981464187712,20.0,0.9768075942993164,2.0,57.307962928375424
2014,4,SW,0.0,,,,,
2014,5,NW,43910267461.83665,75.74394578417348,7.142857142857143,1.423901081085205,7.0,530.2076204892143
2014,5,S,131348323384.10634,32.77179061391161,9.88888888888889,1.6058218479156494,9.0,294.94611552520456
2014,5,SW,4973942873.933273,35.39182665386661,6.0,1.3454481363296509,1.0,35.39182665386661
2014,6,NW,128000693056.85445,81.00913193213657,11.095238095238095,1.6629729270935059,21.0,1701.1917705748676
2014,6,S,0.0,,,,,
2014,6,SW,0.0,,,,,
2014,7,NW,85311466824.07431,,,1.4346728324890137,,
2014,7,S,0.0,,,,,
2014,7,SW,0.0,,,,,
2014,8,NW,136438360960.03525,82.1277717711975,7.761904761904762,1.9849846363067627,21.0,1724.6832071951476
2014,8,S,0.0,,,,,
2014,8,SW,6598437555.4998455,55.58714000688637,5.0,2.1859116554260254,1.0,55.58714000688637
2014,9,NW,1359264780908.697,77.57740471998666,56.225806451612904,2.497832775115967,31.0,2404.8995463195865
2014,9,S,70465932325.09383,31.461569374478778,16.333333333333332,1.7414674758911133,6.0,188.76941624687265
2014,9,SW,661870308129.8134,47.07505006455586,35.1764705882353,2.455420732498169,17.0,800.2758510974496
2014,10,NW,1261656194004.3867,67.68492657436859,18.4,2.2989392280578613,10.0,676.8492657436859
2014,10,S,99263203446.29834,31.18090203220456,12.125,1.578371286392212,8.0,249.44721625763648
2014,10,SW,497406693968.4939,47.07505006455586,18.41176470588235,2.0346035957336426,17.0,800.2758510974496
2014,11,NW,239798996046.37982,66.79061659301945,9.0,1.6105256080627441,9.0,601.1155493371751
2014,11,S,69371951483.98376,31.541803590726133,28.0,1.4835100173950195,7.0,220.79262513508294
2014,11,SW,148250733185.8115,44.648668327009084,8.25,1.6333202123641968,4.0,178.59467330803633
2014,12,NW,13756613851.171398,,,1.221563458442688,,
2014,12,S,127682673006.68776,,,1.2808111906051636,,
2014,12,SW,0.0,,,,,
2015,1,NW,0.0,,,,,
2015,1,S,0.0,,,,,
2015,1,SW,0.0,,,,,
2015,2,NW,0.0,,,,,
2015,2,S,0.0,,,,,
2015,2,SW,0.0,,,,,
2015,3,NW,0.0,,,,,
2015,3,S,0.0,,,,,
2015,3,SW,0.0,,,,,
2015,4,NW,0.0,,,,,
2015,4,S,0.0,,,,,
2015,4,SW,6610356080.167534,41.16458325709975,16.0,1.0623698234558105,7.0,288.15208279969823
2015,5,NW,0.0,,,,,
2015,5,S,276356083750.2333,32.419445136126704,23.41176470588235,1.6656126976013184,17.0,551.130567314154
2015,5,SW,168011171590.6266,48.857528721310764,9.11111111111111,1.4768214225769043,9.0,439.7177584917969
2015,6,NW,3226463143.4260087,90.82874330666573,5.5,1.8533716201782227,2.0,181.65748661333146
2015,6,S,234379168214.16177,31.274491682871833,6.222222222222222,1.929994821548462,9.0,281.4704251458465
2015,6,SW,43967438603.80655,36.2338126477376,9.75,1.804743766784668,4.0,144.9352505909504
2015,7,NW,79999616873.34816,70.83636458556978,6.538461538461538,1.3850443363189697,13.0,920.8727396124073
2015,7,S,660414006.9168682,,,1.0683307647705078,,
2015,7,SW,13919694273.221731,51.38138029725087,5.0,1.1644401550292969,4.0,205.52552118900348
2015,8,NW,13596203870.386255,63.43121049625685,5.333333333333333,1.7007980346679688,3.0,190.29363148877056
2015,8,S,0.0,,,,,
2015,8,SW,29963391079.893456,52.222407961068356,5.75,1.5123792886734009,8.0,417.77926368854685
2015,9,NW,2449004569.5631924,,,1.3630390167236328,,
2015,9,S,0.0,,,,,
2015,9,SW,9619097064.704521,,,1.122202754020691,,
2015,10,NW,8106142877.041883,87.47943904034479,5.0,1.3899176120758057,2.0,174.95887808068957
2015,10,S,0.0,,,,,
2015,10,SW,79191083773.92856,52.97021573820942,8.333333333333334,1.6387161016464233,9.0,476.7319416438848
2015,11,NW,582102153567.5663,77.20534129016471,18.4375,1.6133990287780762,32.0,2470.5709212852707
2015,11,S,79180524449.58536,32.8653633296243,10.625,1.4548735618591309,8.0,262.9229066369944
2015,11,SW,205761843488.33875,47.971059532169605,10.526315789473685,1.6581432819366455,19.0,911.4501311112225
2015,12,NW,423685263033.9333,77.26273155083196,31.21212121212121,1.2887732982635498,33.0,2549.6701411774543
2015,12,S,155231847481.04327,32.02309804123454,29.90909090909091,1.311079740524292,11.0,352.25407845357995
2015,12,SW,245613377981.72998,47.07505006455586,38.0,1.2631700038909912,17.0,800.2758510974496
2016,1,NW,491843287148.45703,78.84418385753168,12.666666666666666,1.1406450271606445,27.0,2128.7929641533556
2016,1,S,189415009166.60583,31.601979252911644,35.875,0.9894235134124756,8.0,252.81583402329315
2016,1,SW,298079025723.3765,45.69005351529173,21.11764705882353,1.0376940965652466,17.0,776.7309097599593
2016,2,NW,204122004198.79593,76.0289797679481,7.739130434782608,1.125928521156311,23.0,1748.6665346628063
2016,2,S,107166113784.28076,32.02305647361875,8.5,1.112304925918579,4.0,128.092225894475
2016,2,SW,159698086648.43484,38.75977062935038,5.5,1.0647094249725342,2.0,77.51954125870076
2016,3,NW,0.0,,,,,
2016,3,S,0.0,,,,,
2016,3,SW,0.0,,,,,
2016,4,NW,0.0,,,,,
2016,4,S,0.0,,,,,
2016,4,SW,0.0,,,,,
2016,5,NW,0.0,,,,,
2016,5,S,0.0,,,,,
2016,5,SW,0.0,,,,,
2016,6,NW,333915326264.3728,77.20534129016471,8.3125,2.0498039722442627,32.0,2470.5709212852707
2016,6,S,0.0,,,,,
2016,6,SW,7991099576.695745,58.94969527692461,5.0,1.328277826309204,2.0,117.89939055384922
2016,7,NW,0.0,,,,,
2016,7,S,182172724453.19455,31.782419145415876,9.642857142857142,2.043118715286255,14.0,444.95386803582227
2016,7,SW,11590121736.509075,35.39182665386661,9.0,2.0900800228118896,1.0,35.39182665386661
2016,8,NW,0.0,,,,,
2016,8,S,199884908384.34933,32.282239538127456,18.153846153846153,2.377345561981201,13.0,419.66911399565697
2016,8,SW,226256708143.07004,43.04411575582685,19.90909090909091,2.2335522174835205,11.0,473.48527331409537
2016,9,NW,0.0,,,,,
2016,9,S,143100636499.867,,,2.0728461742401123,,
2016,9,SW,55590389054.78869,,,1.747180461883545,,
2016,10,NW,0.0,,,,,
2016,10,S,0.0,,,,,
2016,10,SW,0.0,,,,,
2016,11,NW,0.0,,,,,
2016,11,S,10569808706.869246,35.39182665386675,5.5,1.5484529733657837,2.0,70.7836533077335
2016,11,SW,5819986322.471607,35.39182665386661,6.0,1.574302315711975,1.0,35.39182665386661
2016,12,NW,4211537000.3333383,95.84966563786587,6.0,1.2151333093643188,1.0,95.84966563786587
2016,12,S,40535188532.51774,33.707517771038425,14.75,1.1101691722869873,4.0,134.8300710841537
2016,12,SW,155629049520.3343,44.71507229144765,16.076923076923077,1.1566449403762817,13.0,581.2959397888194
2017,1,NW,0.0,,,,,
2017,1,S,1179441303.6814337,,,0.9571142196655273,,
2017,1,SW,7705795981.042985,55.58661087238099,5.5,0.971777081489563,2.0,111.17322174476197
2017,2,NW,0.0,,,,,
2017,2,S,0.0,,,,,
2017,2,SW,0.0,,,,,
2017,3,NW,5275372684.001795,95.84966563786614,5.0,0.9132458567619324,2.0,191.69933127573228
2017,3,S,0.0,,,,,
2017,3,SW,0.0,,,,,
2017,4,NW,110352637910.9924,78.61515469390562,7.5,1.7165260314941406,14.0,1100.6121657146787
2017,4,S,8364163202.257515,32.02290405902708,6.0,1.1292041540145874,2.0,64.04580811805415
2017,4,SW,15763663607.036669,38.75952465962917,6.0,1.370821237564087,3.0,116.27857397888752
2017,5,NW,137041881571.7309,79.08529660166357,7.444444444444445,1.5404144525527954,18.0,1423.5353388299443
2017,5,S,176592402529.37982,32.39743201124246,14.166666666666666,1.433181643486023,18.0,583.1537762023642
2017,5,SW,337906890136.52527,47.734752576354126,22.166666666666668,1.4376976490020752,18.0,859.2255463743743
2017,6,NW,52732056162.06572,63.75123399188927,7.0,1.6570385694503784,7.0,446.2586379432249
2017,6,S,333402610639.5088,32.39743201124242,17.444444444444443,2.1587913036346436,9.0,291.5768881011818
2017,6,SW,168914908131.09525,46.692858941812176,9.071428571428571,1.8810006380081177,14.0,653.7000251853705
2017,7,NW,0.0,,,,,
2017,7,S,0.0,,,,,
2017,7,SW,0.0,,,,,
2017,8,NW,0.0,,,,,
2017,8,S,34114094862.91134,33.37065599447278,5.4,2.0307133197784424,5.0,166.85327997236388
2017,8,SW,4523843899.946366,35.39182665386661,5.0,1.4684360027313232,1.0,35.39182665386661
2017,9,NW,0.0,,,,,
2017,9,S,8605339650.276588,28.653981464187932,8.0,1.734412670135498,1.0,28.653981464187932
2017,9,SW,0.0,,,,,
2017,10,NW,0.0,,,,,
2017,10,S,128812365556.71101,31.71680463905066,39.36363636363637,1.5592408180236816,11.0,348.8848510295573
2017,10,SW,1140284736.621457,35.39182665386661,9.0,1.850677490234375,1.0,35.39182665386661
2017,11,NW,0.0,,,,,
2017,11,S,298382718952.4601,33.37065599447278,24.2,1.7353984117507935,5.0,166.85327997236388
2017,11,SW,24423813941.92322,38.75952465962917,8.0,1.7927523851394653,3.0,116.27857397888752
2017,12,NW,0.0,,,,,
2017,12,S,141098591749.1362,28.653981464187932,5.0,1.4478046894073486,1.0,28.653981464187932
2017,12,SW,9042600348.924736,,,1.4676103591918945,,
2018,1,NW,0.0,,,,,
2018,1,S,2235273199.3349714,,,0.9010419845581055,,
2018,1,SW,0.0,,,,,
2018,2,NW,0.0,,,,,
2018,2,S,0.0,,,,,
2018,2,SW,0.0,,,,,
2018,3,NW,0.0,,,,,
2018,3,S,0.0,,,,,
2018,3,SW,0.0,,,,,
2018,4,NW,0.0,,,,,
2018,4,S,0.0,,,,,
2018,4,SW,0.0,,,,,
2018,5,NW,0.0,,,,,
2018,5,S,0.0,,,,,
2018,5,SW,0.0,,,,,
2018,6,NW,0.0,,,,,
2018,6,S,0.0,,,,,
2018,6,SW,0.0,,,,,
2018,7,NW,216288907376.6852,85.17236914955518,12.5,1.8281190395355225,16.0,1362.757906392883
2018,7,S,0.0,,,,,
2018,7,SW,5012814253.697136,55.5871400068864,8.0,1.0378942489624023,1.0,55.5871400068864
2018,8,NW,0.0,,,,,
2018,8,S,0.0,,,,,
2018,8,SW,0.0,,,,,
2018,9,NW,0.0,,,,,
2018,9,S,151722076685.41376,32.02309804123454,26.272727272727273,2.1405093669891357,11.0,352.25407845357995
2018,9,SW,15978563129.127413,37.91760015818855,14.25,1.8017759323120117,4.0,151.6704006327542
2018,10,NW,0.0,,,,,
2018,10,S,256707864878.97128,,,2.248779058456421,,
2018,10,SW,91201391792.4087,42.96837720520267,6.5,1.955618143081665,4.0,171.87350882081068
2018,11,NW,0.0,,,,,
2018,11,S,0.0,,,,,
2018,11,SW,0.0,,,,,
2018,12,NW,0.0,,,,,
2018,12,S,0.0,,,,,
2018,12,SW,0.0,,,,,
2019,1,NW,0.0,,,,,
2019,1,S,0.0,,,,,
2019,1,SW,0.0,,,,,
2019,2,NW,0.0,,,,,
2019,2,S,4015712846.3748975,35.39182665386666,6.0,1.0862475633621216,1.0,35.39182665386666
2019,2,SW,8448628703.691094,36.51447464569458,6.0,1.075811743736267,3.0,109.54342393708372
2019,3,NW,0.0,,,,,
2019,3,S,2370555944.0037847,32.02320888821024,5.0,0.7669546008110046,1.0,32.02320888821024
2019,3,SW,2556913017.154838,,,0.8230071067810059,,
2019,4,NW,0.0,,,,,
2019,4,S,0.0,,,,,
2019,4,SW,0.0,,,,,
2019,5,NW,0.0,,,,,
2019,5,S,0.0,,,,,
2019,5,SW,0.0,,,,,
2019,6,NW,0.0,,,,,
2019,6,S,0.0,,,,,
2019,6,SW,0.0,,,,,
2019,7,NW,43758471925.275314,89.1519934457888,6.125,1.4557414054870605,8.0,713.2159475663104
2019,7,S,0.0,,,,,
2019,7,SW,0.0,,,,,
2019,8,NW,0.0,,,,,
2019,8,S,0.0,,,,,
2019,8,SW,0.0,,,,,
2019,9,NW,0.0,,,,,
2019,9,S,37858548185.93352,33.70751777103843,7.25,2.0953869819641113,4.0,134.83007108415373
2019,9,SW,0.0,,,,,
2019,10,NW,0.0,,,,,
2019,10,S,0.0,,,,,
2019,10,SW,0.0,,,,,
2019,11,NW,0.0,,,,,
2019,11,S,0.0,,,,,
2019,11,SW,0.0,,,,,
2019,12,NW,0.0,,,,,
2019,12,S,0.0,,,,,
2019,12,SW,0.0,,,,,
2020,1,NW,0.0,,,,,
2020,1,S,6087299946.910471,30.33859517619896,20.666666666666668,0.838648796081543,6.0,182.03157105719376
2020,1,SW,0.0,,,,,
2020,2,NW,55080588535.95247,79.33039663665693,8.642857142857142,0.9314641952514648,14.0,1110.625552913197
2020,2,S,204347265884.72464,32.985671106969185,21.571428571428573,1.2506409883499146,7.0,230.89969774878432
2020,2,SW,16087291437.659636,48.85551067139309,6.5,0.9868821501731873,4.0,195.42204268557236
2020,3,NW,25241957963.837082,93.17195779948584,5.2,0.8749709725379944,5.0,465.8597889974292
2020,3,S,4779983631.709262,28.653981464187932,7.0,0.8509753346443176,1.0,28.653981464187932
2020,3,SW,0.0,,,,,
2020,4,NW,0.0,,,,,
2020,4,S,4171639281.6152725,35.39182665386684,5.0,1.3541107177734375,1.0,35.39182665386684
2020,4,SW,0.0,,,,,
2020,5,NW,780977246482.6952,74.28856320027164,17.863636363636363,1.9602429866790771,44.0,3268.696780811952
2020,5,S,106303905365.74133,32.02309804123454,14.181818181818182,1.8609181642532349,11.0,352.25407845357995
2020,5,SW,236875111198.94907,48.43596916068884,15.416666666666666,1.5081307888031006,24.0,1162.4632598565322
2020,6,NW,241229534205.037,,,2.0423686504364014,,
2020,6,S,101455309515.88995,28.653981464187492,6.0,2.1771562099456787,1.0,28.653981464187492
2020,6,SW,168141658747.25327,,,2.058062791824341,,
2020,7,NW,0.0,,,,,
2020,7,S,208000586042.20404,32.023086956536986,14.1,2.317708969116211,10.0,320.23086956536986
2020,7,SW,45103025895.9491,41.644659489469774,6.857142857142857,1.5853575468063354,7.0,291.51261642628845
2020,8,NW,166362908454.74423,83.93819431677441,8.61111111111111,1.798482060432434,18.0,1510.8874977019393
2020,8,S,0.0,,,,,
2020,8,SW,9280986488.226707,47.1761497221208,5.5,1.3648580312728882,2.0,94.3522994442416
2020,9,NW,5254906051.377228,62.31112826154364,6.0,1.460934042930603,1.0,62.31112826154364
2020,9,S,14664719046.261095,28.653981464187712,8.0,1.4785059690475464,2.0,57.307962928375424
2020,9,SW,0.0,,,,,
2020,10,NW,0.0,,,,,
2020,10,S,0.0,,,,,
2020,10,SW,0.0,,,,,
2020,11,NW,0.0,,,,,
2020,11,S,61392558794.119026,32.023086956537,7.9,1.3454229831695557,10.0,320.23086956536997
2020,11,SW,2664684181.977669,37.07579864160851,6.5,1.434159278869629,2.0,74.15159728321701
2020,12,NW,11344903591.786907,87.47943904034453,8.0,1.2087452411651611,2.0,174.95887808068906
2020,12,S,26815596266.97856,32.02320888821016,5.166666666666667,1.1788887977600098,6.0,192.13925332926098
2020,12,SW,22282963510.804962,44.37124606381995,5.333333333333333,1.3942689895629883,3.0,133.11373819145987
2021,1,NW,0.0,,,,,
2021,1,S,0.0,,,,,
2021,1,SW,0.0,,,,,
2021,2,NW,0.0,,,,,
2021,2,S,0.0,,,,,
2021,2,SW,0.0,,,,,
2021,3,NW,0.0,,,,,
2021,3,S,0.0,,,,,
2021,3,SW,0.0,,,,,
2021,4,NW,528168724924.616,78.67412826340268,11.3125,1.5996179580688477,48.0,3776.3581566433286
2021,4,S,154812948400.57993,32.02309804123454,17.363636363636363,1.322047233581543,11.0,352.25407845357995
2021,4,SW,245682041366.31836,47.07505006455586,16.88235294117647,1.3542143106460571,17.0,800.2758510974496
2021,5,NW,17188164971.61719,66.5094973198599,5.0,1.387352466583252,4.0,266.0379892794396
2021,5,S,4840035472.503748,,,1.1468377113342285,,
2021,5,SW,5656313620.205978,,,1.1591815948486328,,
2021,6,NW,0.0,,,,,
2021,6,S,0.0,,,,,
2021,6,SW,0.0,,,,,
2021,7,NW,0.0,,,,,
2021,7,S,0.0,,,,,
2021,7,SW,0.0,,,,,
2021,8,NW,1721563486.7923715,89.15451550496665,20.0,1.4787311553955078,1.0,89.15451550496665
2021,8,S,0.0,,,,,
2021,8,SW,0.0,,,,,
2021,9,NW,599784423859.4778,76.81988405742916,15.225806451612904,2.023808479309082,31.0,2381.416405780304
2021,9,S,6720480362.067604,32.02320888821016,8.0,1.358938455581665,1.0,32.02320888821016
2021,9,SW,169348563755.3063,49.33803051145471,11.571428571428571,1.6426457166671753,14.0,690.7324271603659
2021,10,NW,0.0,,,,,
2021,10,S,30529581944.293392,30.90013308020268,5.5,1.4560446739196777,6.0,185.40079848121607
2021,10,SW,0.0,,,,,
2021,11,NW,0.0,,,,,
2021,11,S,0.0,,,,,
2021,11,SW,0.0,,,,,
2021,12,NW,0.0,,,,,
2021,12,S,0.0,,,,,
2021,12,SW,0.0,,,,,
2022,1,NW,0.0,,,,,
2022,1,S,0.0,,,,,
2022,1,SW,0.0,,,,,
2022,2,NW,0.0,,,,,
2022,2,S,0.0,,,,,
2022,2,SW,0.0,,,,,
2022,3,NW,0.0,,,,,
2022,3,S,0.0,,,,,
2022,3,SW,0.0,,,,,
2022,4,NW,0.0,,,,,
2022,4,S,0.0,,,,,
2022,4,SW,0.0,,,,,
2022,5,NW,0.0,,,,,
2022,5,S,43186924522.57652,31.601979252911633,5.25,1.5755828619003296,8.0,252.81583402329306
2022,5,SW,27526482658.4163,51.10199054400715,10.666666666666666,1.3872506618499756,3.0,153.30597163202145
2022,6,NW,365197076329.5452,76.4086207109445,10.714285714285714,1.5405594110488892,35.0,2674.3017248830574
2022,6,S,0.0,,,,,
2022,6,SW,97987483918.89111,51.610791194515855,9.636363636363637,1.5241717100143433,11.0,567.7187031396744
2022,7,NW,99129602961.09744,74.62144249255348,10.0,1.3146778345108032,12.0,895.4573099106419
2022,7,S,137114545923.27501,31.41051123686688,11.272727272727273,1.8941513299942017,11.0,345.51562360553567
2022,7,SW,4506778778.215281,45.49338074789472,5.0,1.4776649475097656,1.0,45.49338074789472
2022,8,NW,123558601534.3138,81.49021800231837,5.142857142857143,1.777319312095642,21.0,1711.2945780486857
2022,8,S,12367677428.50817,,,1.6635528802871704,,
2022,8,SW,0.0,,,,,
2022,9,NW,577203066828.0778,76.98421972951509,12.057142857142857,2.0312798023223877,35.0,2694.447690533028
2022,9,S,0.0,,,,,
2022,9,SW,140710066481.10608,50.82047331961209,10.333333333333334,1.7947742938995361,12.0,609.8456798353451
2022,10,NW,25474149848.647137,79.09707334928457,91.2,1.2941826581954956,5.0,395.48536674642287
2022,10,S,7619400716.516525,32.02290405902739,61.0,1.177940011024475,2.0,64.04580811805478
2022,10,SW,0.0,,,,,
2022,11,NW,467051069816.2623,77.97362734197998,32.407407407407405,1.4582974910736084,27.0,2105.2879382334595
2022,11,S,102373460111.63007,31.34936340340563,15.6,1.4386142492294312,5.0,156.74681701702815
2022,11,SW,769479437.4585707,58.949695276924594,58.0,1.2790260314941406,1.0,58.949695276924594
2022,12,NW,697417255588.4752,78.03188103478267,47.421052631578945,1.4424890279769897,19.0,1482.6057396608708
2022,12,S,120491729580.56482,32.3600096989392,37.0,1.2801659107208252,10.0,323.60009698939206
2022,12,SW,127678033275.09615,45.715934387575906,28.666666666666668,1.3004467487335205,15.0,685.7390158136387
2023,1,NW,756790665489.4622,72.72285720628788,7.0,1.4336121082305908,10.0,727.2285720628788
2023,1,S,251558345761.26175,,,1.4007431268692017,,
2023,1,SW,241844232403.18283,54.46593549387011,6.0,1.14767587184906,3.0,163.39780648161033
2023,2,NW,68476778396.43612,73.82491299429843,5.857142857142857,0.9229650497436523,7.0,516.774390960089
2023,2,S,28995437556.40057,29.777057272195194,9.666666666666666,0.949043333530426,3.0,89.33117181658558
2023,2,SW,0.0,,,,,
2023,3,NW,340456117881.18915,77.16106906290726,41.696969696969695,1.10039484500885,33.0,2546.3152790759395
2023,3,S,98596009672.39058,32.0231150946154,26.0,0.9727146625518799,13.0,416.3004962300002
2023,3,SW,152378300208.09735,46.73111601153442,20.31578947368421,1.039217472076416,19.0,887.8912042191539
2023,4,NW,894140810964.6163,78.41939363415192,20.866666666666667,1.7759041786193848,15.0,1176.2909045122788
2023,4,S,183970990958.33606,32.504439997589664,17.857142857142858,1.279266357421875,7.0,227.53107998312765
2023,4,SW,206191559447.375,51.474242867266405,18.11111111111111,1.4347788095474243,9.0,463.26818580539765
2023,5,NW,461855782319.8634,63.43121049625685,29.666666666666668,1.9890365600585938,3.0,190.29363148877056
2023,5,S,72473701853.8891,33.70751777103841,6.0,1.4085077047348022,2.0,67.41503554207682
2023,5,SW,128096525021.799,43.527995726552746,7.916666666666667,1.4458874464035034,12.0,522.335948718633
2023,6,NW,601027205848.0365,78.6302513722931,16.620689655172413,1.6997647285461426,29.0,2280.2772897964996
2023,6,S,108491928523.43294,32.02310727848251,14.333333333333334,1.8112704753875732,12.0,384.27728734179016
2023,6,SW,283649422450.54065,46.23960651757304,14.555555555555555,1.5830591917037964,18.0,832.3129173163147
2023,7,NW,39681507724.35496,73.34271735690551,8.0,1.1870462894439697,7.0,513.3990214983386
2023,7,S,134229232156.4639,35.39182665386666,5.0,2.146898031234741,1.0,35.39182665386666
2023,7,SW,10782448536.668343,,,1.2712867259979248,,
2023,8,NW,0.0,,,,,
2023,8,S,0.0,,,,,
2023,8,SW,4882708858.779418,52.22352646783737,5.0,1.611925482749939,1.0,52.22352646783737
2023,9,NW,546739553883.53845,76.70961409232908,61.3421052631579,2.0655364990234375,38.0,2914.9653355085043
2023,9,S,0.0,,,,,
2023,9,SW,40148968060.48956,54.913410263103344,73.8,1.594066858291626,5.0,274.5670513155167
2023,10,NW,1567304775988.512,,,2.6809158325195312,,
2023,10,S,287056458383.7829,32.02309804123454,21.454545454545453,1.8789585828781128,11.0,352.25407845357995
2023,10,SW,463708342776.1773,44.71507229144765,21.307692307692307,1.9009480476379395,13.0,581.2959397888194
2023,11,NW,832099308056.2377,79.08502196643592,16.714285714285715,1.6687668561935425,7.0,553.5951537650515
2023,11,S,33535309743.793232,30.338595176198915,107.75,1.3830426931381226,4.0,121.35438070479566
2023,11,SW,123836551247.41814,48.016604036699675,55.5,1.604013204574585,4.0,192.0664161467987
2023,12,NW,301833184136.23517,76.97537940545182,15.421052631578947,1.1370635032653809,19.0,1462.5322087035845
2023,12,S,195260591550.88544,32.985671106969185,64.42857142857143,1.322865605354309,7.0,230.89969774878432
2023,12,SW,238452746785.3215,46.376411626790535,36.31578947368421,1.2927863597869873,19.0,881.1518209090202
2024,1,NW,316956588657.9924,76.9583284277367,42.72727272727273,1.0518174171447754,33.0,2539.624838115311
2024,1,S,274907072346.42664,35.39182665386675,44.5,1.3397716283798218,2.0,70.7836533077335
2024,1,SW,384845214371.45905,54.46541703212618,52.5,1.2861295938491821,6.0,326.79250219275707
2024,2,NW,909213994028.8608,85.79701171426734,27.0,1.6688807010650635,2.0,171.59402342853468
2024,2,S,329122752808.8342,,,1.6690869331359863,,
2024,2,SW,514444324272.75854,,,1.713727355003357,,
2024,3,NW,163803625966.42813,78.25821762267657,8.0,1.0075308084487915,16.0,1252.131481962825
2024,3,S,26974802316.059395,28.653981464187492,5.0,0.8594332337379456,1.0,28.653981464187492
2024,3,SW,20617736697.72955,,,0.948148787021637,,
2024,4,NW,150156527023.88104,70.97130547136618,8.421052631578947,1.5416760444641113,19.0,1348.4548039559575
2024,4,S,110739216325.1758,32.02310727848251,10.916666666666666,1.2178221940994263,12.0,384.27728734179016
2024,4,SW,138467784725.505,47.80525152772394,9.8125,1.429522156715393,16.0,764.884024443583
2024,5,NW,0.0,,,,,
2024,5,S,0.0,,,,,
2024,5,SW,0.0,,,,,
2024,6,NW,0.0,,,,,
2024,6,S,0.0,,,,,
2024,6,SW,0.0,,,,,
2024,7,NW,0.0,,,,,
2024,7,S,0.0,,,,,
2024,7,SW,3955667309.865679,52.22352646783759,6.0,1.0882349014282227,1.0,52.22352646783759
2024,8,NW,0.0,,,,,
2024,8,S,0.0,,,,,
2024,8,SW,0.0,,,,,
2024,9,NW,0.0,,,,,
2024,9,S,0.0,,,,,
2024,9,SW,0.0,,,,,
2024,10,NW,103523246179.24348,81.54934922852358,8.0,1.4540725946426392,15.0,1223.240238427854
2024,10,S,0.0,,,,,
2024,10,SW,33719096558.1354,47.73595548543772,6.666666666666667,1.3559752702713013,6.0,286.4157329126263
2024,11,NW,190850483060.82803,76.13192103933912,24.91176470588235,1.3591901063919067,34.0,2588.48531533753
2024,11,S,87958779350.6742,31.461620179342603,44.916666666666664,1.3576198816299438,12.0,377.53944215211123
2024,11,SW,154098099536.38803,45.65969457248734,23.0,1.6156728267669678,20.0,913.1938914497468
2024,12,NW,504273618121.8794,75.26105391106374,8.571428571428571,1.2702813148498535,7.0,526.8273773774462
2024,12,S,252535064641.33636,35.39182665386684,22.0,1.2535465955734253,1.0,35.39182665386684
2024,12,SW,272861810703.98077,51.66103184737196,12.166666666666666,1.2396245002746582,6.0,309.96619108423175
2025,1,NW,155453554780.7208,75.03850156530807,7.75,0.9783270359039307,24.0,1800.9240375673935
2025,1,S,146084330729.47543,31.461569374478803,17.333333333333332,0.9898593425750732,6.0,188.76941624687282
2025,1,SW,90929074560.44998,48.85695050257679,7.2727272727272725,0.991771936416626,11.0,537.4264555283446
2025,2,NW,48136089542.086914,82.86417481423311,9.375,0.9414229393005371,16.0,1325.8267970277298
2025,2,S,12438265005.187098,28.653981464187712,18.0,0.963850200176239,2.0,57.307962928375424
2025,2,SW,502709973.1464032,58.949695276924594,8.0,0.8356027603149414,1.0,58.949695276924594
2025,3,NW,76738703542.9931,81.33044606985933,7.111111111111111,0.9291405081748962,18.0,1463.9480292574683
2025,3,S,34920101478.411224,32.023208888210135,6.333333333333333,0.9859880805015564,6.0,192.13925332926084
2025,3,SW,14916746753.154396,56.7079917635658,6.666666666666667,0.9100217819213867,3.0,170.1239752906974
2025,4,NW,244023030394.9995,76.64023256212609,6.5,1.5913408994674683,26.0,1992.6460466152782
2025,4,S,0.0,,,,,
2025,4,SW,52170838275.028854,54.62566317137765,8.428571428571429,1.4022454023361206,7.0,382.37964219964357
2025,5,NW,371583671237.4366,77.87178916747078,11.515151515151516,1.548198938369751,33.0,2569.769042526536
2025,5,S,27116084756.056335,31.349241471732537,7.6,1.556213140487671,5.0,156.7462073586627
2025,5,SW,9566753144.566887,55.58661087238098,7.0,1.4424290657043457,2.0,111.17322174476196
2025,6,NW,11643425467.758469,73.5049842161789,6.0,1.2559601068496704,3.0,220.51495264853668
2025,6,S,35274036663.283676,32.985671106969185,11.714285714285714,2.2107505798339844,7.0,230.89969774878432
2025,6,SW,11051924454.670647,51.10199054400715,18.333333333333332,1.6454674005508423,3.0,153.30597163202145
2025,7,NW,1172402367.6382315,,,0.9940052032470703,,
2025,7,S,153133381466.81564,29.77705727219516,8.666666666666666,2.4820680618286133,3.0,89.33117181658548
2025,7,SW,59981412645.2338,36.51447464569458,8.666666666666666,1.3133348226547241,3.0,109.54342393708372
2025,8,NW,0.0,,,,,
2025,8,S,220364156638.5783,31.763943754305977,12.076923076923077,2.1464762687683105,13.0,412.9312688059777
2025,8,SW,50333900404.68184,40.44173760123027,10.25,1.9169903993606567,4.0,161.7669504049211
2025,9,NW,0.0,,,,,
2025,9,S,0.0,,,,,
2025,9,SW,0.0,,,,,
2025,10,NW,0.0,,,,,
2025,10,S,95314285709.91539,32.02309804123454,15.363636363636363,1.5459965467453003,11.0,352.25407845357995
2025,10,SW,0.0,,,,,
2025,11,NW,11923087306.826597,65.67095821469991,5.333333333333333,1.219378113746643,3.0,197.01287464409972
2025,11,S,75519064050.69261,35.39182665386684,7.0,1.4778995513916016,1.0,35.39182665386684
2025,11,SW,5128494910.027489,35.39182665386668,6.0,1.3872543573379517,1.0,35.39182665386668
2025,12,NW,0.0,,,,,
2025,12,S,0.0,,,,,
2025,12,SW,0.0,,,,,
