year,duration,start_time,end_time,area,lat,lon
1981,5,375926400000000000,376358400000000000,35391826.65386668,37.125,350.875
1983,7,416188800000000000,416793600000000000,35391826.65386668,37.125,350.875
1983,11,437184000000000000,438134400000000000,35391826.65386668,37.125,350.875
1983,14,438480000000000000,439689600000000000,35391826.65386668,37.125,350.875
1987,5,555120000000000000,555552000000000000,35391826.65386668,37.125,350.875
1987,20,558403200000000000,560131200000000000,35391826.65386668,37.125,350.875
1989,24,616723200000000000,618796800000000000,35391826.65386668,37.125,350.875
1989,6,619833600000000000,620352000000000000,35391826.65386668,37.125,350.875
1989,8,625622400000000000,626313600000000000,35391826.65386668,37.125,350.875
1990,10,648518400000000000,649382400000000000,35391826.65386668,37.125,350.875
1990,6,651283200000000000,651801600000000000,35391826.65386668,37.125,350.875
1991,42,682387200000000000,686016000000000000,35391826.65386668,37.125,350.875
1994,6,786844800000000000,787363200000000000,35391826.65386668,37.125,350.875
1994,6,787795200000000000,788313600000000000,35391826.65386668,37.125,350.875
1995,7,791769600000000000,792374400000000000,35391826.65386668,37.125,350.875
1995,10,797644800000000000,798508800000000000,35391826.65386668,37.125,350.875
1995,31,814579200000000000,817257600000000000,35391826.65386668,37.125,350.875
1996,8,820454400000000000,821145600000000000,35391826.65386668,37.125,350.875
1996,12,836956800000000000,837993600000000000,35391826.65386668,37.125,350.875
1997,52,857174400000000000,861667200000000000,35391826.65386668,37.125,350.875
1997,7,862272000000000000,862876800000000000,35391826.65386668,37.125,350.875
1997,11,864950400000000000,865900800000000000,35391826.65386668,37.125,350.875
1998,12,887328000000000000,888364800000000000,35391826.65386668,37.125,350.875
1998,10,891043200000000000,891907200000000000,35391826.65386668,37.125,350.875
2000,6,952992000000000000,953510400000000000,35391826.65386668,37.125,350.875
2000,8,962064000000000000,962755200000000000,35391826.65386668,37.125,350.875
2002,6,1016668800000000000,1017187200000000000,35391826.65386668,37.125,350.875
2003,6,1060300800000000000,1060819200000000000,35391826.65386668,37.125,350.875
2003,5,1062115200000000000,1062547200000000000,35391826.65386668,37.125,350.875
2003,7,1064534400000000000,1065139200000000000,35391826.65386668,37.125,350.875
2004,7,1092614400000000000,1093219200000000000,35391826.65386668,37.125,350.875
2005,12,1119225600000000000,1120262400000000000,35391826.65386668,37.125,350.875
2005,7,1121126400000000000,1121731200000000000,35391826.65386668,37.125,350.875
2005,6,1123977600000000000,1124496000000000000,35391826.65386668,37.125,350.875
2006,5,1143763200000000000,1144195200000000000,35391826.65386668,37.125,350.875
2006,24,1149292800000000000,1151366400000000000,35391826.65386668,37.125,350.875
2006,36,1152662400000000000,1155772800000000000,35391826.65386668,37.125,350.875
2006,9,1157241600000000000,1158019200000000000,35391826.65386668,37.125,350.875
2006,31,1162252800000000000,1164931200000000000,35391826.65386668,37.125,350.875
2006,5,1165190400000000000,1165622400000000000,35391826.65386668,37.125,350.875
2007,6,1168992000000000000,1169510400000000000,35391826.65386668,37.125,350.875
2007,13,1194393600000000000,1195516800000000000,35391826.65386668,37.125,350.875
2007,9,1198368000000000000,1199145600000000000,35391826.65386668,37.125,350.875
2008,6,1201392000000000000,1201910400000000000,35391826.65386668,37.125,350.875
2008,6,1202169600000000000,1202688000000000000,35391826.65386668,37.125,350.875
2008,27,1202947200000000000,1205280000000000000,35391826.65386668,37.125,350.875
2009,24,1245024000000000000,1247097600000000000,35391826.65386668,37.125,350.875
2009,6,1255392000000000000,1255910400000000000,35391826.65386668,37.125,350.875
2009,9,1256342400000000000,1257120000000000000,35391826.65386668,37.125,350.875
2010,14,1271721600000000000,1272931200000000000,35391826.65386668,37.125,350.875
2010,6,1274227200000000000,1274745600000000000,35391826.65386668,37.125,350.875
2010,10,1284508800000000000,1285372800000000000,35391826.65386668,37.125,350.875
2011,7,1296518400000000000,1297123200000000000,35391826.65386668,37.125,350.875
2011,5,1301356800000000000,1301788800000000000,35391826.65386668,37.125,350.875
2011,65,1302480000000000000,1308096000000000000,35391826.65386668,37.125,350.875
2011,5,1317600000000000000,1318032000000000000,35391826.65386668,37.125,350.875
2011,15,1318291200000000000,1319587200000000000,35391826.65386668,37.125,350.875
2013,11,1372723200000000000,1373673600000000000,35391826.65386668,37.125,350.875
2013,7,1377907200000000000,1378512000000000000,35391826.65386668,37.125,350.875
2013,10,1380412800000000000,1381276800000000000,35391826.65386668,37.125,350.875
2014,38,1409788800000000000,1413072000000000000,35391826.65386668,37.125,350.875
2014,18,1413504000000000000,1415059200000000000,35391826.65386668,37.125,350.875
2014,6,1416268800000000000,1416787200000000000,35391826.65386668,37.125,350.875
2015,13,1430784000000000000,1431907200000000000,35391826.65386668,37.125,350.875
2015,6,1433894400000000000,1434412800000000000,35391826.65386668,37.125,350.875
2015,5,1435363200000000000,1435795200000000000,35391826.65386668,37.125,350.875
2015,9,1447372800000000000,1448150400000000000,35391826.65386668,37.125,350.875
2015,63,1449964800000000000,1455408000000000000,35391826.65386668,37.125,350.875
2016,27,1471046400000000000,1473379200000000000,35391826.65386668,37.125,350.875
2016,7,1481155200000000000,1481760000000000000,35391826.65386668,37.125,350.875
2017,26,1494028800000000000,1496275200000000000,35391826.65386668,37.125,350.875
2017,12,1497571200000000000,1498608000000000000,35391826.65386668,37.125,350.875
2018,11,1538265600000000000,1539216000000000000,35391826.65386668,37.125,350.875
2019,6,1551052800000000000,1551571200000000000,35391826.65386668,37.125,350.875
2020,5,1581120000000000000,1581552000000000000,35391826.65386668,37.125,350.875
2020,16,1590364800000000000,1591747200000000000,35391826.65386668,37.125,350.875
2020,6,1595116800000000000,1595635200000000000,35391826.65386668,37.125,350.875
2020,5,1606694400000000000,1607126400000000000,35391826.65386668,37.125,350.875
2021,27,1617667200000000000,1620000000000000000,35391826.65386668,37.125,350.875
2022,33,1671494400000000000,1674345600000000000,35391826.65386668,37.125,350.875
2023,9,1678406400000000000,1679184000000000000,35391826.65386668,37.125,350.875
2023,12,1679875200000000000,1680912000000000000,35391826.65386668,37.125,350.875
2023,5,1683072000000000000,1683504000000000000,35391826.65386668,37.125,350.875
2023,6,1685232000000000000,1685750400000000000,35391826.65386668,37.125,350.875
2023,8,1686096000000000000,1686787200000000000,35391826.65386668,37.125,350.875
2023,25,1696464000000000000,1698624000000000000,35391826.65386668,37.125,350.875
2023,11,1701734400000000000,1702684800000000000,35391826.65386668,37.125,350.875
2023,64,1703894400000000000,1709424000000000000,35391826.65386668,37.125,350.875
2024,67,1731974400000000000,1737763200000000000,35391826.65386668,37.125,350.875
2025,7,1751673600000000000,1752278400000000000,35391826.65386668,37.125,350.875
2025,6,1754870400000000000,1755388800000000000,35391826.65386668,37.125,350.875
2025,6,1762128000000000000,1762646400000000000,35391826.65386668,37.125,350.875
1981,5,375926400000000000,376358400000000000,35391826.65386661,37.125,351.125
1983,7,416188800000000000,416793600000000000,35391826.65386661,37.125,351.125
1983,29,437184000000000000,439689600000000000,35391826.65386661,37.125,351.125
1985,5,498960000000000000,499392000000000000,35391826.65386661,37.125,351.125
1987,5,541987200000000000,542419200000000000,35391826.65386661,37.125,351.125
1987,5,555120000000000000,555552000000000000,35391826.65386661,37.125,351.125
1987,6,557971200000000000,558489600000000000,35391826.65386661,37.125,351.125
1987,16,558748800000000000,560131200000000000,35391826.65386661,37.125,351.125
1989,29,616204800000000000,618710400000000000,35391826.65386661,37.125,351.125
1989,6,619833600000000000,620352000000000000,35391826.65386661,37.125,351.125
1989,14,623721600000000000,624931200000000000,35391826.65386661,37.125,351.125
1989,7,625622400000000000,626227200000000000,35391826.65386661,37.125,351.125
1990,5,638236800000000000,638668800000000000,35391826.65386661,37.125,351.125
1990,9,648518400000000000,649296000000000000,35391826.65386661,37.125,351.125
1990,6,650160000000000000,650678400000000000,35391826.65386661,37.125,351.125
1990,7,650937600000000000,651542400000000000,35391826.65386661,37.125,351.125
1991,42,682387200000000000,686016000000000000,35391826.65386661,37.125,351.125
1994,6,786844800000000000,787363200000000000,35391826.65386661,37.125,351.125
1994,5,787622400000000000,788054400000000000,35391826.65386661,37.125,351.125
1995,7,796953600000000000,797558400000000000,35391826.65386661,37.125,351.125
1995,6,797904000000000000,798422400000000000,35391826.65386661,37.125,351.125
1995,6,809654400000000000,810172800000000000,35391826.65386661,37.125,351.125
1995,35,814233600000000000,817257600000000000,35391826.65386661,37.125,351.125
1996,9,820627200000000000,821404800000000000,35391826.65386661,37.125,351.125
1996,10,835833600000000000,836697600000000000,35391826.65386661,37.125,351.125
1996,12,836956800000000000,837993600000000000,35391826.65386661,37.125,351.125
1997,7,855964800000000000,856569600000000000,35391826.65386661,37.125,351.125
1997,52,857174400000000000,861667200000000000,35391826.65386661,37.125,351.125
1997,7,862272000000000000,862876800000000000,35391826.65386661,37.125,351.125
1997,6,865209600000000000,865728000000000000,35391826.65386661,37.125,351.125
1997,7,874281600000000000,874886400000000000,35391826.65386661,37.125,351.125
1997,5,876355200000000000,876787200000000000,35391826.65386661,37.125,351.125
1998,16,887328000000000000,888710400000000000,35391826.65386661,37.125,351.125
1998,12,890870400000000000,891907200000000000,35391826.65386661,37.125,351.125
2000,6,952992000000000000,953510400000000000,35391826.65386661,37.125,351.125
2000,5,962064000000000000,962496000000000000,35391826.65386661,37.125,351.125
2000,8,965952000000000000,966643200000000000,35391826.65386661,37.125,351.125
2002,6,1012176000000000000,1012694400000000000,35391826.65386661,37.125,351.125
2002,7,1016668800000000000,1017273600000000000,35391826.65386661,37.125,351.125
2003,5,1060300800000000000,1060732800000000000,35391826.65386661,37.125,351.125
2005,7,1118361600000000000,1118966400000000000,35391826.65386661,37.125,351.125
2005,11,1119225600000000000,1120176000000000000,35391826.65386661,37.125,351.125
2005,5,1121212800000000000,1121644800000000000,35391826.65386661,37.125,351.125
2006,24,1149379200000000000,1151452800000000000,35391826.65386661,37.125,351.125
2006,32,1152316800000000000,1155081600000000000,35391826.65386661,37.125,351.125
2006,14,1157155200000000000,1158364800000000000,35391826.65386661,37.125,351.125
2006,30,1162339200000000000,1164931200000000000,35391826.65386661,37.125,351.125
2006,6,1165190400000000000,1165708800000000000,35391826.65386661,37.125,351.125
2007,7,1192579200000000000,1193184000000000000,35391826.65386661,37.125,351.125
2007,13,1194393600000000000,1195516800000000000,35391826.65386661,37.125,351.125
2007,9,1198368000000000000,1199145600000000000,35391826.65386661,37.125,351.125
2008,6,1201392000000000000,1201910400000000000,35391826.65386661,37.125,351.125
2008,5,1202169600000000000,1202601600000000000,35391826.65386661,37.125,351.125
2008,28,1202947200000000000,1205366400000000000,35391826.65386661,37.125,351.125
2009,13,1245801600000000000,1246924800000000000,35391826.65386661,37.125,351.125
2009,5,1256688000000000000,1257120000000000000,35391826.65386661,37.125,351.125
2010,15,1271635200000000000,1272931200000000000,35391826.65386661,37.125,351.125
2010,7,1274227200000000000,1274832000000000000,35391826.65386661,37.125,351.125
2011,6,1301356800000000000,1301875200000000000,35391826.65386661,37.125,351.125
2011,61,1302480000000000000,1307750400000000000,35391826.65386661,37.125,351.125
2011,30,1317168000000000000,1319760000000000000,35391826.65386661,37.125,351.125
2013,14,1372723200000000000,1373932800000000000,35391826.65386661,37.125,351.125
2013,18,1377907200000000000,1379462400000000000,35391826.65386661,37.125,351.125
2013,16,1379894400000000000,1381276800000000000,35391826.65386661,37.125,351.125
2014,6,1400371200000000000,1400889600000000000,35391826.65386661,37.125,351.125
2014,13,1410566400000000000,1411689600000000000,35391826.65386661,37.125,351.125
2014,14,1413849600000000000,1415059200000000000,35391826.65386661,37.125,351.125
2015,18,1430352000000000000,1431907200000000000,35391826.65386661,37.125,351.125
2015,15,1433635200000000000,1434931200000000000,35391826.65386661,37.125,351.125
2015,12,1447113600000000000,1448150400000000000,35391826.65386661,37.125,351.125
2015,29,1449792000000000000,1452297600000000000,35391826.65386661,37.125,351.125
2016,33,1452556800000000000,1455408000000000000,35391826.65386661,37.125,351.125
2016,9,1469232000000000000,1470009600000000000,35391826.65386661,37.125,351.125
2016,27,1471046400000000000,1473379200000000000,35391826.65386661,37.125,351.125
2016,6,1478131200000000000,1478649600000000000,35391826.65386661,37.125,351.125
2016,19,1480896000000000000,1482537600000000000,35391826.65386661,37.125,351.125
2017,6,1492992000000000000,1493510400000000000,35391826.65386661,37.125,351.125
2017,28,1494028800000000000,1496448000000000000,35391826.65386661,37.125,351.125
2017,13,1497484800000000000,1498608000000000000,35391826.65386661,37.125,351.125
2017,5,1503619200000000000,1504051200000000000,35391826.65386661,37.125,351.125
2017,9,1509408000000000000,1510185600000000000,35391826.65386661,37.125,351.125
2017,13,1511827200000000000,1512950400000000000,35391826.65386661,37.125,351.125
2018,20,1537833600000000000,1539561600000000000,35391826.65386661,37.125,351.125
2019,7,1551052800000000000,1551657600000000000,35391826.65386661,37.125,351.125
2020,15,1590364800000000000,1591660800000000000,35391826.65386661,37.125,351.125
2020,7,1595116800000000000,1595721600000000000,35391826.65386661,37.125,351.125
2021,26,1617753600000000000,1620000000000000000,35391826.65386661,37.125,351.125
2022,30,1671667200000000000,1674259200000000000,35391826.65386661,37.125,351.125
2023,8,1680220800000000000,1680912000000000000,35391826.65386661,37.125,351.125
2023,5,1683072000000000000,1683504000000000000,35391826.65386661,37.125,351.125
2023,7,1686182400000000000,1686787200000000000,35391826.65386661,37.125,351.125
2023,20,1696550400000000000,1698278400000000000,35391826.65386661,37.125,351.125
2023,62,1703894400000000000,1709251200000000000,35391826.65386661,37.125,351.125
2024,5,1713571200000000000,1714003200000000000,35391826.65386661,37.125,351.125
2024,58,1732233600000000000,1737244800000000000,35391826.65386661,37.125,351.125
2025,10,1751500800000000000,1752364800000000000,35391826.65386661,37.125,351.125
2025,16,1754265600000000000,1755648000000000000,35391826.65386661,37.125,351.125
1981,5,374889600000000000,375321600000000000,38759770.629350424,37.375,351.125
1981,5,375926400000000000,376358400000000000,38759770.629350424,37.375,351.125
1983,7,416188800000000000,416793600000000000,38759770.629350424,37.375,351.125
1983,31,437184000000000000,439862400000000000,38759770.629350424,37.375,351.125
1987,5,555120000000000000,555552000000000000,38759770.629350424,37.375,351.125
1987,16,558748800000000000,560131200000000000,38759770.629350424,37.375,351.125
1989,31,616118400000000000,618796800000000000,38759770.629350424,37.375,351.125
1989,6,619833600000000000,620352000000000000,38759770.629350424,37.375,351.125
1989,6,624412800000000000,624931200000000000,38759770.629350424,37.375,351.125
1989,8,625536000000000000,626227200000000000,38759770.629350424,37.375,351.125
1990,5,638236800000000000,638668800000000000,38759770.629350424,37.375,351.125
1990,12,648518400000000000,649555200000000000,38759770.629350424,37.375,351.125
1990,6,650073600000000000,650592000000000000,38759770.629350424,37.375,351.125
1990,6,651456000000000000,651974400000000000,38759770.629350424,37.375,351.125
1991,42,682387200000000000,686016000000000000,38759770.629350424,37.375,351.125
1994,19,786499200000000000,788140800000000000,38759770.629350424,37.375,351.125
1995,8,797731200000000000,798422400000000000,38759770.629350424,37.375,351.125
1995,7,809740800000000000,810345600000000000,38759770.629350424,37.375,351.125
1995,35,814233600000000000,817257600000000000,38759770.629350424,37.375,351.125
1995,18,819849600000000000,821404800000000000,38759770.629350424,37.375,351.125
1996,10,837043200000000000,837907200000000000,38759770.629350424,37.375,351.125
1997,7,855964800000000000,856569600000000000,38759770.629350424,37.375,351.125
1997,53,857088000000000000,861667200000000000,38759770.629350424,37.375,351.125
1997,11,862012800000000000,862963200000000000,38759770.629350424,37.375,351.125
1997,7,864518400000000000,865123200000000000,38759770.629350424,37.375,351.125
1997,5,865382400000000000,865814400000000000,38759770.629350424,37.375,351.125
1997,6,870134400000000000,870652800000000000,38759770.629350424,37.375,351.125
1997,6,874281600000000000,874800000000000000,38759770.629350424,37.375,351.125
1997,5,876355200000000000,876787200000000000,38759770.629350424,37.375,351.125
1998,13,887241600000000000,888364800000000000,38759770.629350424,37.375,351.125
1998,32,888969600000000000,891734400000000000,38759770.629350424,37.375,351.125
2000,5,953078400000000000,953510400000000000,38759770.629350424,37.375,351.125
2000,5,962064000000000000,962496000000000000,38759770.629350424,37.375,351.125
2000,8,965952000000000000,966643200000000000,38759770.629350424,37.375,351.125
2002,5,1011225600000000000,1011657600000000000,38759770.629350424,37.375,351.125
2002,8,1012089600000000000,1012780800000000000,38759770.629350424,37.375,351.125
2002,6,1016755200000000000,1017273600000000000,38759770.629350424,37.375,351.125
2003,6,1060214400000000000,1060732800000000000,38759770.629350424,37.375,351.125
2004,6,1092614400000000000,1093132800000000000,38759770.629350424,37.375,351.125
2005,12,1119225600000000000,1120262400000000000,38759770.629350424,37.375,351.125
2005,5,1121212800000000000,1121644800000000000,38759770.629350424,37.375,351.125
2005,8,1125014400000000000,1125705600000000000,38759770.629350424,37.375,351.125
2006,5,1143763200000000000,1144195200000000000,38759770.629350424,37.375,351.125
2006,24,1149292800000000000,1151366400000000000,38759770.629350424,37.375,351.125
2006,39,1152316800000000000,1155686400000000000,38759770.629350424,37.375,351.125
2006,11,1157241600000000000,1158192000000000000,38759770.629350424,37.375,351.125
2006,41,1162166400000000000,1165708800000000000,38759770.629350424,37.375,351.125
2007,6,1194480000000000000,1194998400000000000,38759770.629350424,37.375,351.125
2007,10,1198368000000000000,1199232000000000000,38759770.629350424,37.375,351.125
2008,6,1201392000000000000,1201910400000000000,38759770.629350424,37.375,351.125
2008,5,1202169600000000000,1202601600000000000,38759770.629350424,37.375,351.125
2008,28,1202947200000000000,1205366400000000000,38759770.629350424,37.375,351.125
2009,20,1245369600000000000,1247097600000000000,38759770.629350424,37.375,351.125
2009,7,1255392000000000000,1255996800000000000,38759770.629350424,37.375,351.125
2009,7,1256515200000000000,1257120000000000000,38759770.629350424,37.375,351.125
2010,7,1267315200000000000,1267920000000000000,38759770.629350424,37.375,351.125
2010,5,1269561600000000000,1269993600000000000,38759770.629350424,37.375,351.125
2010,5,1270512000000000000,1270944000000000000,38759770.629350424,37.375,351.125
2010,15,1271635200000000000,1272931200000000000,38759770.629350424,37.375,351.125
2010,6,1274313600000000000,1274832000000000000,38759770.629350424,37.375,351.125
2011,8,1296432000000000000,1297123200000000000,38759770.629350424,37.375,351.125
2011,5,1298332800000000000,1298764800000000000,38759770.629350424,37.375,351.125
2011,64,1302220800000000000,1307750400000000000,38759770.629350424,37.375,351.125
2011,25,1317600000000000000,1319760000000000000,38759770.629350424,37.375,351.125
2013,12,1372723200000000000,1373760000000000000,38759770.629350424,37.375,351.125
2013,12,1378080000000000000,1379116800000000000,38759770.629350424,37.375,351.125
2013,5,1379721600000000000,1380153600000000000,38759770.629350424,37.375,351.125
2013,10,1380412800000000000,1381276800000000000,38759770.629350424,37.375,351.125
2014,31,1410480000000000000,1413158400000000000,38759770.629350424,37.375,351.125
2014,18,1413763200000000000,1415318400000000000,38759770.629350424,37.375,351.125
2015,18,1430352000000000000,1431907200000000000,38759770.629350424,37.375,351.125
2015,13,1433808000000000000,1434931200000000000,38759770.629350424,37.375,351.125
2015,12,1447113600000000000,1448150400000000000,38759770.629350424,37.375,351.125
2015,29,1449792000000000000,1452297600000000000,38759770.629350424,37.375,351.125
2016,25,1452556800000000000,1454716800000000000,38759770.629350424,37.375,351.125
2016,6,1454976000000000000,1455494400000000000,38759770.629350424,37.375,351.125
2016,26,1471046400000000000,1473292800000000000,38759770.629350424,37.375,351.125
2016,20,1480896000000000000,1482624000000000000,38759770.629350424,37.375,351.125
2017,7,1492905600000000000,1493510400000000000,38759770.629350424,37.375,351.125
2017,26,1494115200000000000,1496361600000000000,38759770.629350424,37.375,351.125
2017,13,1497484800000000000,1498608000000000000,38759770.629350424,37.375,351.125
2017,6,1509494400000000000,1510012800000000000,38759770.629350424,37.375,351.125
2018,15,1537920000000000000,1539216000000000000,38759770.629350424,37.375,351.125
2019,5,1550880000000000000,1551312000000000000,38759770.629350424,37.375,351.125
2020,15,1590364800000000000,1591660800000000000,38759770.629350424,37.375,351.125
2020,7,1595116800000000000,1595721600000000000,38759770.629350424,37.375,351.125
2021,24,1617840000000000000,1619913600000000000,38759770.629350424,37.375,351.125
2022,30,1671667200000000000,1674259200000000000,38759770.629350424,37.375,351.125
2023,7,1680307200000000000,1680912000000000000,38759770.629350424,37.375,351.125
2023,7,1686182400000000000,1686787200000000000,38759770.629350424,37.375,351.125
2023,18,1696723200000000000,1698278400000000000,38759770.629350424,37.375,351.125
2023,61,1703980800000000000,1709251200000000000,38759770.629350424,37.375,351.125
2024,5,1713571200000000000,1714003200000000000,38759770.629350424,37.375,351.125
2024,21,1732233600000000000,1734048000000000000,38759770.629350424,37.375,351.125
2025,10,1736294400000000000,1737158400000000000,38759770.629350424,37.375,351.125
2025,9,1751500800000000000,1752278400000000000,38759770.629350424,37.375,351.125
2025,5,1754784000000000000,1755216000000000000,38759770.629350424,37.375,351.125
1981,5,375926400000000000,376358400000000000,42126976.695670485,37.625,351.125
1983,11,416188800000000000,417139200000000000,42126976.695670485,37.625,351.125
1983,30,437184000000000000,439776000000000000,42126976.695670485,37.625,351.125
1987,5,555120000000000000,555552000000000000,42126976.695670485,37.625,351.125
1987,12,559008000000000000,560044800000000000,42126976.695670485,37.625,351.125
1988,8,595209600000000000,595900800000000000,42126976.695670485,37.625,351.125
1989,6,612230400000000000,612748800000000000,42126976.695670485,37.625,351.125
1989,38,616118400000000000,619401600000000000,42126976.695670485,37.625,351.125
1989,6,625449600000000000,625968000000000000,42126976.695670485,37.625,351.125
1990,5,638236800000000000,638668800000000000,42126976.695670485,37.625,351.125
1990,21,648518400000000000,650332800000000000,42126976.695670485,37.625,351.125
1990,7,653097600000000000,653702400000000000,42126976.695670485,37.625,351.125
1990,8,654307200000000000,654998400000000000,42126976.695670485,37.625,351.125
1991,37,682819200000000000,686016000000000000,42126976.695670485,37.625,351.125
1994,10,786585600000000000,787449600000000000,42126976.695670485,37.625,351.125
1994,5,787881600000000000,788313600000000000,42126976.695670485,37.625,351.125
1995,8,797731200000000000,798422400000000000,42126976.695670485,37.625,351.125
1995,5,805507200000000000,805939200000000000,42126976.695670485,37.625,351.125
1995,6,809740800000000000,810259200000000000,42126976.695670485,37.625,351.125
1995,34,814579200000000000,817516800000000000,42126976.695670485,37.625,351.125
1996,11,820454400000000000,821404800000000000,42126976.695670485,37.625,351.125
1996,9,837216000000000000,837993600000000000,42126976.695670485,37.625,351.125
1997,7,855964800000000000,856569600000000000,42126976.695670485,37.625,351.125
1997,56,856828800000000000,861667200000000000,42126976.695670485,37.625,351.125
1997,11,862012800000000000,862963200000000000,42126976.695670485,37.625,351.125
1997,7,864518400000000000,865123200000000000,42126976.695670485,37.625,351.125
1997,11,865555200000000000,866505600000000000,42126976.695670485,37.625,351.125
1997,5,870220800000000000,870652800000000000,42126976.695670485,37.625,351.125
1998,9,887587200000000000,888364800000000000,42126976.695670485,37.625,351.125
1998,29,888969600000000000,891475200000000000,42126976.695670485,37.625,351.125
2000,7,962150400000000000,962755200000000000,42126976.695670485,37.625,351.125
2002,5,1011225600000000000,1011657600000000000,42126976.695670485,37.625,351.125
2002,8,1012089600000000000,1012780800000000000,42126976.695670485,37.625,351.125
2002,7,1013040000000000000,1013644800000000000,42126976.695670485,37.625,351.125
2002,7,1016755200000000000,1017360000000000000,42126976.695670485,37.625,351.125
2003,6,1060214400000000000,1060732800000000000,42126976.695670485,37.625,351.125
2004,6,1092614400000000000,1093132800000000000,42126976.695670485,37.625,351.125
2005,11,1119312000000000000,1120262400000000000,42126976.695670485,37.625,351.125
2005,7,1121126400000000000,1121731200000000000,42126976.695670485,37.625,351.125
2005,5,1125187200000000000,1125619200000000000,42126976.695670485,37.625,351.125
2006,23,1149292800000000000,1151280000000000000,42126976.695670485,37.625,351.125
2006,51,1151625600000000000,1156032000000000000,42126976.695670485,37.625,351.125
2006,5,1157587200000000000,1158019200000000000,42126976.695670485,37.625,351.125
2006,8,1160697600000000000,1161388800000000000,42126976.695670485,37.625,351.125
2006,45,1162080000000000000,1165968000000000000,42126976.695670485,37.625,351.125
2007,9,1198454400000000000,1199232000000000000,42126976.695670485,37.625,351.125
2008,5,1202169600000000000,1202601600000000000,42126976.695670485,37.625,351.125
2008,28,1202947200000000000,1205366400000000000,42126976.695670485,37.625,351.125
2009,24,1245024000000000000,1247097600000000000,42126976.695670485,37.625,351.125
2010,8,1267228800000000000,1267920000000000000,42126976.695670485,37.625,351.125
2010,6,1269475200000000000,1269993600000000000,42126976.695670485,37.625,351.125
2010,6,1270512000000000000,1271030400000000000,42126976.695670485,37.625,351.125
2010,14,1271635200000000000,1272844800000000000,42126976.695670485,37.625,351.125
2011,14,1296345600000000000,1297555200000000000,42126976.695670485,37.625,351.125
2011,5,1298332800000000000,1298764800000000000,42126976.695670485,37.625,351.125
2011,5,1301356800000000000,1301788800000000000,42126976.695670485,37.625,351.125
2011,64,1302134400000000000,1307664000000000000,42126976.695670485,37.625,351.125
2011,15,1318377600000000000,1319673600000000000,42126976.695670485,37.625,351.125
2012,5,1347926400000000000,1348358400000000000,42126976.695670485,37.625,351.125
2013,6,1373241600000000000,1373760000000000000,42126976.695670485,37.625,351.125
2013,5,1378080000000000000,1378512000000000000,42126976.695670485,37.625,351.125
2013,11,1380585600000000000,1381536000000000000,42126976.695670485,37.625,351.125
2014,34,1410220800000000000,1413158400000000000,42126976.695670485,37.625,351.125
2014,19,1413763200000000000,1415404800000000000,42126976.695670485,37.625,351.125
2015,19,1430265600000000000,1431907200000000000,42126976.695670485,37.625,351.125
2015,14,1446940800000000000,1448150400000000000,42126976.695670485,37.625,351.125
2015,27,1449964800000000000,1452297600000000000,42126976.695670485,37.625,351.125
2016,8,1452556800000000000,1453248000000000000,42126976.695670485,37.625,351.125
2016,24,1453507200000000000,1455580800000000000,42126976.695670485,37.625,351.125
2016,25,1471046400000000000,1473206400000000000,42126976.695670485,37.625,351.125
2016,17,1481068800000000000,1482537600000000000,42126976.695670485,37.625,351.125
2017,5,1492992000000000000,1493424000000000000,42126976.695670485,37.625,351.125
2017,26,1494115200000000000,1496361600000000000,42126976.695670485,37.625,351.125
2017,13,1497484800000000000,1498608000000000000,42126976.695670485,37.625,351.125
2017,5,1509580800000000000,1510012800000000000,42126976.695670485,37.625,351.125
2018,11,1538179200000000000,1539129600000000000,42126976.695670485,37.625,351.125
2020,23,1589673600000000000,1591660800000000000,42126976.695670485,37.625,351.125
2020,5,1595116800000000000,1595548800000000000,42126976.695670485,37.625,351.125
2020,6,1606780800000000000,1607299200000000000,42126976.695670485,37.625,351.125
2021,17,1618444800000000000,1619913600000000000,42126976.695670485,37.625,351.125
2021,6,1631232000000000000,1631750400000000000,42126976.695670485,37.625,351.125
2022,32,1671580800000000000,1674345600000000000,42126976.695670485,37.625,351.125
2023,8,1680220800000000000,1680912000000000000,42126976.695670485,37.625,351.125
2023,6,1683072000000000000,1683590400000000000,42126976.695670485,37.625,351.125
2023,6,1686268800000000000,1686787200000000000,42126976.695670485,37.625,351.125
2023,20,1696896000000000000,1698624000000000000,42126976.695670485,37.625,351.125
2023,6,1702080000000000000,1702598400000000000,42126976.695670485,37.625,351.125
2023,62,1703894400000000000,1709251200000000000,42126976.695670485,37.625,351.125
2024,5,1713571200000000000,1714003200000000000,42126976.695670485,37.625,351.125
2024,6,1730764800000000000,1731283200000000000,42126976.695670485,37.625,351.125
2024,21,1732233600000000000,1734048000000000000,42126976.695670485,37.625,351.125
2025,7,1736553600000000000,1737158400000000000,42126976.695670485,37.625,351.125
1981,5,375926400000000000,376358400000000000,45493380.74789467,37.875,351.125
1983,10,416275200000000000,417139200000000000,45493380.74789467,37.875,351.125
1983,31,436924800000000000,439603200000000000,45493380.74789467,37.875,351.125
1987,12,559699200000000000,560736000000000000,45493380.74789467,37.875,351.125
1988,10,595209600000000000,596073600000000000,45493380.74789467,37.875,351.125
1989,6,612230400000000000,612748800000000000,45493380.74789467,37.875,351.125
1989,6,616118400000000000,616636800000000000,45493380.74789467,37.875,351.125
1989,34,616896000000000000,619833600000000000,45493380.74789467,37.875,351.125
1989,5,624585600000000000,625017600000000000,45493380.74789467,37.875,351.125
1989,6,625536000000000000,626054400000000000,45493380.74789467,37.875,351.125
1990,5,635385600000000000,635817600000000000,45493380.74789467,37.875,351.125
1990,5,638236800000000000,638668800000000000,45493380.74789467,37.875,351.125
1990,9,648518400000000000,649296000000000000,45493380.74789467,37.875,351.125
1990,7,649728000000000000,650332800000000000,45493380.74789467,37.875,351.125
1990,5,653097600000000000,653529600000000000,45493380.74789467,37.875,351.125
1990,10,654134400000000000,654998400000000000,45493380.74789467,37.875,351.125
1991,36,682905600000000000,686016000000000000,45493380.74789467,37.875,351.125
1994,11,786585600000000000,787536000000000000,45493380.74789467,37.875,351.125
1994,6,787795200000000000,788313600000000000,45493380.74789467,37.875,351.125
1995,5,797731200000000000,798163200000000000,45493380.74789467,37.875,351.125
1995,5,809740800000000000,810172800000000000,45493380.74789467,37.875,351.125
1995,28,815270400000000000,817689600000000000,45493380.74789467,37.875,351.125
1995,19,819763200000000000,821404800000000000,45493380.74789467,37.875,351.125
1996,5,837216000000000000,837648000000000000,45493380.74789467,37.875,351.125
1997,70,857001600000000000,863049600000000000,45493380.74789467,37.875,351.125
1997,6,864604800000000000,865123200000000000,45493380.74789467,37.875,351.125
1997,10,865728000000000000,866592000000000000,45493380.74789467,37.875,351.125
1997,5,870220800000000000,870652800000000000,45493380.74789467,37.875,351.125
1998,13,887587200000000000,888710400000000000,45493380.74789467,37.875,351.125
1998,21,888969600000000000,890784000000000000,45493380.74789467,37.875,351.125
1999,7,936230400000000000,936835200000000000,45493380.74789467,37.875,351.125
2000,6,962236800000000000,962755200000000000,45493380.74789467,37.875,351.125
2002,7,1012089600000000000,1012694400000000000,45493380.74789467,37.875,351.125
2002,8,1013040000000000000,1013731200000000000,45493380.74789467,37.875,351.125
2002,7,1016755200000000000,1017360000000000000,45493380.74789467,37.875,351.125
2003,7,1060214400000000000,1060819200000000000,45493380.74789467,37.875,351.125
2004,13,1092096000000000000,1093219200000000000,45493380.74789467,37.875,351.125
2005,10,1119225600000000000,1120089600000000000,45493380.74789467,37.875,351.125
2006,23,1149292800000000000,1151280000000000000,45493380.74789467,37.875,351.125
2006,53,1151625600000000000,1156204800000000000,45493380.74789467,37.875,351.125
2006,8,1160697600000000000,1161388800000000000,45493380.74789467,37.875,351.125
2006,46,1162080000000000000,1166054400000000000,45493380.74789467,37.875,351.125
2007,8,1198540800000000000,1199232000000000000,45493380.74789467,37.875,351.125
2008,5,1201478400000000000,1201910400000000000,45493380.74789467,37.875,351.125
2008,6,1202169600000000000,1202688000000000000,45493380.74789467,37.875,351.125
2008,26,1203120000000000000,1205366400000000000,45493380.74789467,37.875,351.125
2009,26,1244937600000000000,1247184000000000000,45493380.74789467,37.875,351.125
2010,14,1271635200000000000,1272844800000000000,45493380.74789467,37.875,351.125
2011,5,1295395200000000000,1295827200000000000,45493380.74789467,37.875,351.125
2011,15,1296259200000000000,1297555200000000000,45493380.74789467,37.875,351.125
2011,5,1298332800000000000,1298764800000000000,45493380.74789467,37.875,351.125
2011,6,1301356800000000000,1301875200000000000,45493380.74789467,37.875,351.125
2011,69,1302134400000000000,1308096000000000000,45493380.74789467,37.875,351.125
2011,6,1318377600000000000,1318896000000000000,45493380.74789467,37.875,351.125
2012,12,1347580800000000000,1348617600000000000,45493380.74789467,37.875,351.125
2012,6,1349654400000000000,1350172800000000000,45493380.74789467,37.875,351.125
2013,10,1380672000000000000,1381536000000000000,45493380.74789467,37.875,351.125
2014,38,1409875200000000000,1413158400000000000,45493380.74789467,37.875,351.125
2014,19,1413763200000000000,1415404800000000000,45493380.74789467,37.875,351.125
2015,17,1430438400000000000,1431907200000000000,45493380.74789467,37.875,351.125
2015,5,1435881600000000000,1436313600000000000,45493380.74789467,37.875,351.125
2015,13,1446940800000000000,1448064000000000000,45493380.74789467,37.875,351.125
2015,26,1450051200000000000,1452297600000000000,45493380.74789467,37.875,351.125
2016,8,1452556800000000000,1453248000000000000,45493380.74789467,37.875,351.125
2016,26,1453507200000000000,1455753600000000000,45493380.74789467,37.875,351.125
2016,21,1471305600000000000,1473120000000000000,45493380.74789467,37.875,351.125
2016,17,1481155200000000000,1482624000000000000,45493380.74789467,37.875,351.125
2017,27,1494115200000000000,1496448000000000000,45493380.74789467,37.875,351.125
2017,8,1497916800000000000,1498608000000000000,45493380.74789467,37.875,351.125
2018,6,1538524800000000000,1539043200000000000,45493380.74789467,37.875,351.125
2020,21,1589760000000000000,1591574400000000000,45493380.74789467,37.875,351.125
2020,5,1606867200000000000,1607299200000000000,45493380.74789467,37.875,351.125
2021,16,1618444800000000000,1619827200000000000,45493380.74789467,37.875,351.125
2021,10,1631059200000000000,1631923200000000000,45493380.74789467,37.875,351.125
2022,9,1654387200000000000,1655164800000000000,45493380.74789467,37.875,351.125
2022,6,1663459200000000000,1663977600000000000,45493380.74789467,37.875,351.125
2022,32,1671580800000000000,1674345600000000000,45493380.74789467,37.875,351.125
2023,25,1678752000000000000,1680912000000000000,45493380.74789467,37.875,351.125
2023,8,1682899200000000000,1683590400000000000,45493380.74789467,37.875,351.125
2023,5,1685577600000000000,1686009600000000000,45493380.74789467,37.875,351.125
2023,9,1686268800000000000,1687046400000000000,45493380.74789467,37.875,351.125
2023,23,1696896000000000000,1698883200000000000,45493380.74789467,37.875,351.125
2023,12,1701907200000000000,1702944000000000000,45493380.74789467,37.875,351.125
2023,64,1703894400000000000,1709424000000000000,45493380.74789467,37.875,351.125
2024,12,1712966400000000000,1714003200000000000,45493380.74789467,37.875,351.125
2024,6,1729468800000000000,1729987200000000000,45493380.74789467,37.875,351.125
2024,5,1730851200000000000,1731283200000000000,45493380.74789467,37.875,351.125
2024,20,1732320000000000000,1734048000000000000,45493380.74789467,37.875,351.125
2025,6,1736640000000000000,1737158400000000000,45493380.74789467,37.875,351.125
1981,6,375926400000000000,376444800000000000,48858918.6963465,38.125,351.125
1983,32,436838400000000000,439603200000000000,48858918.6963465,38.125,351.125
1987,12,559699200000000000,560736000000000000,48858918.6963465,38.125,351.125
1988,17,595555200000000000,597024000000000000,48858918.6963465,38.125,351.125
1989,40,616896000000000000,620352000000000000,48858918.6963465,38.125,351.125
1989,16,624585600000000000,625968000000000000,48858918.6963465,38.125,351.125
1989,6,629769600000000000,630288000000000000,48858918.6963465,38.125,351.125
1990,16,631756800000000000,633139200000000000,48858918.6963465,38.125,351.125
1990,10,635644800000000000,636508800000000000,48858918.6963465,38.125,351.125
1990,5,638236800000000000,638668800000000000,48858918.6963465,38.125,351.125
1990,10,648518400000000000,649382400000000000,48858918.6963465,38.125,351.125
1990,7,649728000000000000,650332800000000000,48858918.6963465,38.125,351.125
1990,5,651369600000000000,651801600000000000,48858918.6963465,38.125,351.125
1990,6,654480000000000000,654998400000000000,48858918.6963465,38.125,351.125
1991,35,682992000000000000,686016000000000000,48858918.6963465,38.125,351.125
1994,13,787190400000000000,788313600000000000,48858918.6963465,38.125,351.125
1995,29,815270400000000000,817776000000000000,48858918.6963465,38.125,351.125
1995,20,819763200000000000,821491200000000000,48858918.6963465,38.125,351.125
1996,5,837216000000000000,837648000000000000,48858918.6963465,38.125,351.125
1997,23,857001600000000000,858988800000000000,48858918.6963465,38.125,351.125
1997,50,859075200000000000,863395200000000000,48858918.6963465,38.125,351.125
1997,9,865728000000000000,866505600000000000,48858918.6963465,38.125,351.125
1997,10,869788800000000000,870652800000000000,48858918.6963465,38.125,351.125
1997,6,876268800000000000,876787200000000000,48858918.6963465,38.125,351.125
1998,12,887587200000000000,888624000000000000,48858918.6963465,38.125,351.125
1998,9,889228800000000000,890006400000000000,48858918.6963465,38.125,351.125
1998,5,890524800000000000,890956800000000000,48858918.6963465,38.125,351.125
1998,6,891561600000000000,892080000000000000,48858918.6963465,38.125,351.125
2002,7,1012089600000000000,1012694400000000000,48858918.6963465,38.125,351.125
2002,9,1013040000000000000,1013817600000000000,48858918.6963465,38.125,351.125
2002,8,1016668800000000000,1017360000000000000,48858918.6963465,38.125,351.125
2002,13,1033084800000000000,1034208000000000000,48858918.6963465,38.125,351.125
2002,5,1035763200000000000,1036195200000000000,48858918.6963465,38.125,351.125
2003,7,1060214400000000000,1060819200000000000,48858918.6963465,38.125,351.125
2003,7,1064534400000000000,1065139200000000000,48858918.6963465,38.125,351.125
2004,7,1092614400000000000,1093219200000000000,48858918.6963465,38.125,351.125
2005,6,1119225600000000000,1119744000000000000,48858918.6963465,38.125,351.125
2005,8,1121385600000000000,1122076800000000000,48858918.6963465,38.125,351.125
2006,24,1149292800000000000,1151366400000000000,48858918.6963465,38.125,351.125
2006,46,1152316800000000000,1156291200000000000,48858918.6963465,38.125,351.125
2006,8,1160697600000000000,1161388800000000000,48858918.6963465,38.125,351.125
2006,48,1161907200000000000,1166054400000000000,48858918.6963465,38.125,351.125
2007,7,1198627200000000000,1199232000000000000,48858918.6963465,38.125,351.125
2008,6,1202169600000000000,1202688000000000000,48858918.6963465,38.125,351.125
2008,26,1203206400000000000,1205452800000000000,48858918.6963465,38.125,351.125
2009,21,1245196800000000000,1247011200000000000,48858918.6963465,38.125,351.125
2010,14,1271635200000000000,1272844800000000000,48858918.6963465,38.125,351.125
2011,19,1295913600000000000,1297555200000000000,48858918.6963465,38.125,351.125
2011,21,1301356800000000000,1303171200000000000,48858918.6963465,38.125,351.125
2011,53,1303516800000000000,1308096000000000000,48858918.6963465,38.125,351.125
2013,14,1380931200000000000,1382140800000000000,48858918.6963465,38.125,351.125
2014,38,1409875200000000000,1413158400000000000,48858918.6963465,38.125,351.125
2014,17,1413849600000000000,1415318400000000000,48858918.6963465,38.125,351.125
2015,6,1431043200000000000,1431561600000000000,48858918.6963465,38.125,351.125
2015,7,1445212800000000000,1445817600000000000,48858918.6963465,38.125,351.125
2015,10,1447286400000000000,1448150400000000000,48858918.6963465,38.125,351.125
2015,37,1450051200000000000,1453248000000000000,48858918.6963465,38.125,351.125
2016,26,1453507200000000000,1455753600000000000,48858918.6963465,38.125,351.125
2016,21,1471305600000000000,1473120000000000000,48858918.6963465,38.125,351.125
2016,22,1481155200000000000,1483056000000000000,48858918.6963465,38.125,351.125
2017,24,1494028800000000000,1496102400000000000,48858918.6963465,38.125,351.125
2017,6,1498003200000000000,1498521600000000000,48858918.6963465,38.125,351.125
2020,21,1589673600000000000,1591488000000000000,48858918.6963465,38.125,351.125
2020,9,1594771200000000000,1595548800000000000,48858918.6963465,38.125,351.125
2021,9,1618444800000000000,1619222400000000000,48858918.6963465,38.125,351.125
2021,10,1631059200000000000,1631923200000000000,48858918.6963465,38.125,351.125
2022,12,1652140800000000000,1653177600000000000,48858918.6963465,38.125,351.125
2022,15,1654387200000000000,1655683200000000000,48858918.6963465,38.125,351.125
2022,8,1663372800000000000,1664064000000000000,48858918.6963465,38.125,351.125
2022,25,1672099200000000000,1674259200000000000,48858918.6963465,38.125,351.125
2023,20,1679616000000000000,1681344000000000000,48858918.6963465,38.125,351.125
2023,14,1682467200000000000,1683676800000000000,48858918.6963465,38.125,351.125
2023,29,1685577600000000000,1688083200000000000,48858918.6963465,38.125,351.125
2023,18,1696982400000000000,1698537600000000000,48858918.6963465,38.125,351.125
2023,8,1701993600000000000,1702684800000000000,48858918.6963465,38.125,351.125
2024,61,1704153600000000000,1709424000000000000,48858918.6963465,38.125,351.125
2024,13,1712966400000000000,1714089600000000000,48858918.6963465,38.125,351.125
2024,11,1732924800000000000,1733875200000000000,48858918.6963465,38.125,351.125
2025,19,1751155200000000000,1752796800000000000,48858918.6963465,38.125,351.125
1983,32,436838400000000000,439603200000000000,52223526.46783759,38.375,350.875
1986,5,527472000000000000,527904000000000000,52223526.46783759,38.375,350.875
1987,12,559699200000000000,560736000000000000,52223526.46783759,38.375,350.875
1988,15,595036800000000000,596332800000000000,52223526.46783759,38.375,350.875
1988,5,596592000000000000,597024000000000000,52223526.46783759,38.375,350.875
1989,5,603331200000000000,603763200000000000,52223526.46783759,38.375,350.875
1989,40,616982400000000000,620438400000000000,52223526.46783759,38.375,350.875
1989,12,624931200000000000,625968000000000000,52223526.46783759,38.375,350.875
1989,6,629683200000000000,630201600000000000,52223526.46783759,38.375,350.875
1990,7,631756800000000000,632361600000000000,52223526.46783759,38.375,350.875
1990,5,634953600000000000,635385600000000000,52223526.46783759,38.375,350.875
1990,11,635644800000000000,636595200000000000,52223526.46783759,38.375,350.875
1990,5,638236800000000000,638668800000000000,52223526.46783759,38.375,350.875
1990,27,648172800000000000,650505600000000000,52223526.46783759,38.375,350.875
1990,5,653011200000000000,653443200000000000,52223526.46783759,38.375,350.875
1990,5,654480000000000000,654912000000000000,52223526.46783759,38.375,350.875
1991,28,682992000000000000,685411200000000000,52223526.46783759,38.375,350.875
1994,14,787190400000000000,788400000000000000,52223526.46783759,38.375,350.875
1995,5,805507200000000000,805939200000000000,52223526.46783759,38.375,350.875
1995,6,808790400000000000,809308800000000000,52223526.46783759,38.375,350.875
1995,29,815270400000000000,817776000000000000,52223526.46783759,38.375,350.875
1995,20,819849600000000000,821577600000000000,52223526.46783759,38.375,350.875
1996,6,837129600000000000,837648000000000000,52223526.46783759,38.375,350.875
1997,70,856915200000000000,862963200000000000,52223526.46783759,38.375,350.875
1997,6,864604800000000000,865123200000000000,52223526.46783759,38.375,350.875
1997,9,865728000000000000,866505600000000000,52223526.46783759,38.375,350.875
1997,9,869875200000000000,870652800000000000,52223526.46783759,38.375,350.875
1997,5,876355200000000000,876787200000000000,52223526.46783759,38.375,350.875
1998,12,887587200000000000,888624000000000000,52223526.46783759,38.375,350.875
1998,12,888969600000000000,890006400000000000,52223526.46783759,38.375,350.875
1998,17,890524800000000000,891993600000000000,52223526.46783759,38.375,350.875
1999,6,926380800000000000,926899200000000000,52223526.46783759,38.375,350.875
2000,9,962236800000000000,963014400000000000,52223526.46783759,38.375,350.875
2001,5,999388800000000000,999820800000000000,52223526.46783759,38.375,350.875
2002,10,1011830400000000000,1012694400000000000,52223526.46783759,38.375,350.875
2002,5,1013472000000000000,1013904000000000000,52223526.46783759,38.375,350.875
2002,5,1016496000000000000,1016928000000000000,52223526.46783759,38.375,350.875
2002,13,1033084800000000000,1034208000000000000,52223526.46783759,38.375,350.875
2002,5,1035763200000000000,1036195200000000000,52223526.46783759,38.375,350.875
2003,5,1064448000000000000,1064880000000000000,52223526.46783759,38.375,350.875
2004,12,1092268800000000000,1093305600000000000,52223526.46783759,38.375,350.875
2005,13,1119225600000000000,1120348800000000000,52223526.46783759,38.375,350.875
2005,7,1123804800000000000,1124409600000000000,52223526.46783759,38.375,350.875
2006,23,1149292800000000000,1151280000000000000,52223526.46783759,38.375,350.875
2006,35,1152316800000000000,1155340800000000000,52223526.46783759,38.375,350.875
2006,47,1161820800000000000,1165881600000000000,52223526.46783759,38.375,350.875
2007,7,1198627200000000000,1199232000000000000,52223526.46783759,38.375,350.875
2008,6,1202169600000000000,1202688000000000000,52223526.46783759,38.375,350.875
2008,29,1203206400000000000,1205712000000000000,52223526.46783759,38.375,350.875
2009,21,1245196800000000000,1247011200000000000,52223526.46783759,38.375,350.875
2009,8,1258761600000000000,1259452800000000000,52223526.46783759,38.375,350.875
2010,14,1271635200000000000,1272844800000000000,52223526.46783759,38.375,350.875
2010,6,1275091200000000000,1275609600000000000,52223526.46783759,38.375,350.875
2011,15,1296259200000000000,1297555200000000000,52223526.46783759,38.375,350.875
2011,5,1301356800000000000,1301788800000000000,52223526.46783759,38.375,350.875
2011,12,1302134400000000000,1303171200000000000,52223526.46783759,38.375,350.875
2011,45,1303603200000000000,1307491200000000000,52223526.46783759,38.375,350.875
2012,17,1347148800000000000,1348617600000000000,52223526.46783759,38.375,350.875
2012,7,1351728000000000000,1352332800000000000,52223526.46783759,38.375,350.875
2013,25,1380758400000000000,1382918400000000000,52223526.46783759,38.375,350.875
2014,31,1409875200000000000,1412553600000000000,52223526.46783759,38.375,350.875
2014,15,1413676800000000000,1414972800000000000,52223526.46783759,38.375,350.875
2015,10,1431043200000000000,1431907200000000000,52223526.46783759,38.375,350.875
2015,5,1435881600000000000,1436313600000000000,52223526.46783759,38.375,350.875
2015,5,1440806400000000000,1441238400000000000,52223526.46783759,38.375,350.875
2015,7,1445212800000000000,1445817600000000000,52223526.46783759,38.375,350.875
2015,6,1447545600000000000,1448064000000000000,52223526.46783759,38.375,350.875
2015,16,1450310400000000000,1451692800000000000,52223526.46783759,38.375,350.875
2016,9,1452470400000000000,1453248000000000000,52223526.46783759,38.375,350.875
2016,22,1453507200000000000,1455408000000000000,52223526.46783759,38.375,350.875
2016,17,1481241600000000000,1482710400000000000,52223526.46783759,38.375,350.875
2017,27,1494115200000000000,1496448000000000000,52223526.46783759,38.375,350.875
2020,22,1589673600000000000,1591574400000000000,52223526.46783759,38.375,350.875
2021,9,1618444800000000000,1619222400000000000,52223526.46783759,38.375,350.875
2021,13,1630800000000000000,1631923200000000000,52223526.46783759,38.375,350.875
2022,7,1652745600000000000,1653350400000000000,52223526.46783759,38.375,350.875
2022,15,1654300800000000000,1655596800000000000,52223526.46783759,38.375,350.875
2022,9,1663286400000000000,1664064000000000000,52223526.46783759,38.375,350.875
2022,14,1672358400000000000,1673568000000000000,52223526.46783759,38.375,350.875
2023,5,1673827200000000000,1674259200000000000,52223526.46783759,38.375,350.875
2023,5,1678752000000000000,1679184000000000000,52223526.46783759,38.375,350.875
2023,20,1679616000000000000,1681344000000000000,52223526.46783759,38.375,350.875
2023,9,1682899200000000000,1683676800000000000,52223526.46783759,38.375,350.875
2023,27,1685577600000000000,1687910400000000000,52223526.46783759,38.375,350.875
2023,17,1697068800000000000,1698537600000000000,52223526.46783759,38.375,350.875
2023,13,1701907200000000000,1703030400000000000,52223526.46783759,38.375,350.875
2024,60,1704153600000000000,1709337600000000000,52223526.46783759,38.375,350.875
2024,13,1712966400000000000,1714089600000000000,52223526.46783759,38.375,350.875
2024,6,1721347200000000000,1721865600000000000,52223526.46783759,38.375,350.875
2024,12,1732752000000000000,1733788800000000000,52223526.46783759,38.375,350.875
2025,8,1743984000000000000,1744675200000000000,52223526.46783759,38.375,350.875
2025,15,1751155200000000000,1752451200000000000,52223526.46783759,38.375,350.875
1981,7,375926400000000000,376531200000000000,52223526.46783736,38.375,351.125
1983,33,436838400000000000,439689600000000000,52223526.46783736,38.375,351.125
1986,6,529545600000000000,530064000000000000,52223526.46783736,38.375,351.125
1987,12,559699200000000000,560736000000000000,52223526.46783736,38.375,351.125
1988,23,595036800000000000,597024000000000000,52223526.46783736,38.375,351.125
1989,34,616982400000000000,619920000000000000,52223526.46783736,38.375,351.125
1989,16,624585600000000000,625968000000000000,52223526.46783736,38.375,351.125
1989,7,629683200000000000,630288000000000000,52223526.46783736,38.375,351.125
1990,16,631756800000000000,633139200000000000,52223526.46783736,38.375,351.125
1990,5,634953600000000000,635385600000000000,52223526.46783736,38.375,351.125
1990,18,635644800000000000,637200000000000000,52223526.46783736,38.375,351.125
1990,5,638236800000000000,638668800000000000,52223526.46783736,38.375,351.125
1990,27,648172800000000000,650505600000000000,52223526.46783736,38.375,351.125
1990,5,654480000000000000,654912000000000000,52223526.46783736,38.375,351.125
1991,18,682992000000000000,684547200000000000,52223526.46783736,38.375,351.125
1991,14,684806400000000000,686016000000000000,52223526.46783736,38.375,351.125
1994,15,787190400000000000,788486400000000000,52223526.46783736,38.375,351.125
1995,29,815270400000000000,817776000000000000,52223526.46783736,38.375,351.125
1995,27,819244800000000000,821577600000000000,52223526.46783736,38.375,351.125
1997,24,856915200000000000,858988800000000000,52223526.46783736,38.375,351.125
1997,50,859075200000000000,863395200000000000,52223526.46783736,38.375,351.125
1997,5,866073600000000000,866505600000000000,52223526.46783736,38.375,351.125
1997,9,869875200000000000,870652800000000000,52223526.46783736,38.375,351.125
1997,8,876182400000000000,876873600000000000,52223526.46783736,38.375,351.125
1998,12,887587200000000000,888624000000000000,52223526.46783736,38.375,351.125
1998,11,888969600000000000,889920000000000000,52223526.46783736,38.375,351.125
1998,6,890524800000000000,891043200000000000,52223526.46783736,38.375,351.125
1998,5,891561600000000000,891993600000000000,52223526.46783736,38.375,351.125
2000,5,962668800000000000,963100800000000000,52223526.46783736,38.375,351.125
2001,5,999388800000000000,999820800000000000,52223526.46783736,38.375,351.125
2002,10,1011830400000000000,1012694400000000000,52223526.46783736,38.375,351.125
2002,10,1013040000000000000,1013904000000000000,52223526.46783736,38.375,351.125
2002,14,1016409600000000000,1017619200000000000,52223526.46783736,38.375,351.125
2002,15,1032998400000000000,1034294400000000000,52223526.46783736,38.375,351.125
2002,5,1035763200000000000,1036195200000000000,52223526.46783736,38.375,351.125
2003,7,1064448000000000000,1065052800000000000,52223526.46783736,38.375,351.125
2004,5,1092614400000000000,1093046400000000000,52223526.46783736,38.375,351.125
2005,6,1119225600000000000,1119744000000000000,52223526.46783736,38.375,351.125
2005,5,1121644800000000000,1122076800000000000,52223526.46783736,38.375,351.125
2006,24,1149292800000000000,1151366400000000000,52223526.46783736,38.375,351.125
2006,35,1152316800000000000,1155340800000000000,52223526.46783736,38.375,351.125
2006,6,1155772800000000000,1156291200000000000,52223526.46783736,38.375,351.125
2006,48,1161820800000000000,1165968000000000000,52223526.46783736,38.375,351.125
2007,7,1198627200000000000,1199232000000000000,52223526.46783736,38.375,351.125
2008,6,1202169600000000000,1202688000000000000,52223526.46783736,38.375,351.125
2008,29,1203206400000000000,1205712000000000000,52223526.46783736,38.375,351.125
2009,21,1245196800000000000,1247011200000000000,52223526.46783736,38.375,351.125
2009,7,1258848000000000000,1259452800000000000,52223526.46783736,38.375,351.125
2010,14,1271635200000000000,1272844800000000000,52223526.46783736,38.375,351.125
2010,5,1274313600000000000,1274745600000000000,52223526.46783736,38.375,351.125
2011,15,1296259200000000000,1297555200000000000,52223526.46783736,38.375,351.125
2011,21,1301356800000000000,1303171200000000000,52223526.46783736,38.375,351.125
2011,46,1303603200000000000,1307577600000000000,52223526.46783736,38.375,351.125
2013,21,1380758400000000000,1382572800000000000,52223526.46783736,38.375,351.125
2014,37,1409961600000000000,1413158400000000000,52223526.46783736,38.375,351.125
2014,13,1413936000000000000,1415059200000000000,52223526.46783736,38.375,351.125
2015,11,1431043200000000000,1431993600000000000,52223526.46783736,38.375,351.125
2015,5,1440806400000000000,1441238400000000000,52223526.46783736,38.375,351.125
2015,7,1445212800000000000,1445817600000000000,52223526.46783736,38.375,351.125
2015,15,1446854400000000000,1448150400000000000,52223526.46783736,38.375,351.125
2015,35,1450051200000000000,1453075200000000000,52223526.46783736,38.375,351.125
2016,23,1453593600000000000,1455580800000000000,52223526.46783736,38.375,351.125
2016,22,1471305600000000000,1473206400000000000,52223526.46783736,38.375,351.125
2016,26,1481155200000000000,1483401600000000000,52223526.46783736,38.375,351.125
2017,6,1483660800000000000,1484179200000000000,52223526.46783736,38.375,351.125
2017,18,1494460800000000000,1496016000000000000,52223526.46783736,38.375,351.125
2017,5,1498003200000000000,1498435200000000000,52223526.46783736,38.375,351.125
2020,21,1589673600000000000,1591488000000000000,52223526.46783736,38.375,351.125
2020,9,1594771200000000000,1595548800000000000,52223526.46783736,38.375,351.125
2021,7,1618531200000000000,1619136000000000000,52223526.46783736,38.375,351.125
2021,13,1630800000000000000,1631923200000000000,52223526.46783736,38.375,351.125
2022,13,1652140800000000000,1653264000000000000,52223526.46783736,38.375,351.125
2022,15,1654300800000000000,1655596800000000000,52223526.46783736,38.375,351.125
2022,10,1663200000000000000,1664064000000000000,52223526.46783736,38.375,351.125
2022,9,1672358400000000000,1673136000000000000,52223526.46783736,38.375,351.125
2023,20,1679616000000000000,1681344000000000000,52223526.46783736,38.375,351.125
2023,19,1682121600000000000,1683763200000000000,52223526.46783736,38.375,351.125
2023,44,1685577600000000000,1689379200000000000,52223526.46783736,38.375,351.125
2023,5,1692662400000000000,1693094400000000000,52223526.46783736,38.375,351.125
2023,14,1696982400000000000,1698192000000000000,52223526.46783736,38.375,351.125
2023,7,1701993600000000000,1702598400000000000,52223526.46783736,38.375,351.125
2024,50,1705017600000000000,1709337600000000000,52223526.46783736,38.375,351.125
2024,13,1712966400000000000,1714089600000000000,52223526.46783736,38.375,351.125
2024,9,1733011200000000000,1733788800000000000,52223526.46783736,38.375,351.125
2025,11,1743811200000000000,1744761600000000000,52223526.46783736,38.375,351.125
2025,6,1748476800000000000,1748995200000000000,52223526.46783736,38.375,351.125
2025,21,1750982400000000000,1752796800000000000,52223526.46783736,38.375,351.125
2025,14,1754265600000000000,1755475200000000000,52223526.46783736,38.375,351.125
1983,5,427680000000000000,428112000000000000,55587140.00688637,38.625,350.375
1983,17,438739200000000000,440208000000000000,55587140.00688637,38.625,350.375
1985,5,489801600000000000,490233600000000000,55587140.00688637,38.625,350.375
1988,9,594950400000000000,595728000000000000,55587140.00688637,38.625,350.375
1988,5,596592000000000000,597024000000000000,55587140.00688637,38.625,350.375
1989,30,617846400000000000,620438400000000000,55587140.00688637,38.625,350.375
1990,16,642384000000000000,643766400000000000,55587140.00688637,38.625,350.375
1990,12,648172800000000000,649209600000000000,55587140.00688637,38.625,350.375
1991,23,683424000000000000,685411200000000000,55587140.00688637,38.625,350.375
1994,7,771724800000000000,772329600000000000,55587140.00688637,38.625,350.375
1995,18,804816000000000000,806371200000000000,55587140.00688637,38.625,350.375
1995,7,808963200000000000,809568000000000000,55587140.00688637,38.625,350.375
1995,7,815443200000000000,816048000000000000,55587140.00688637,38.625,350.375
1995,9,816739200000000000,817516800000000000,55587140.00688637,38.625,350.375
1995,25,819849600000000000,822009600000000000,55587140.00688637,38.625,350.375
1997,56,856915200000000000,861753600000000000,55587140.00688637,38.625,350.375
1997,10,862012800000000000,862876800000000000,55587140.00688637,38.625,350.375
1997,10,864604800000000000,865468800000000000,55587140.00688637,38.625,350.375
1997,6,866073600000000000,866592000000000000,55587140.00688637,38.625,350.375
1998,11,887673600000000000,888624000000000000,55587140.00688637,38.625,350.375
1998,13,888969600000000000,890092800000000000,55587140.00688637,38.625,350.375
1998,13,890611200000000000,891734400000000000,55587140.00688637,38.625,350.375
1999,6,935971200000000000,936489600000000000,55587140.00688637,38.625,350.375
2000,5,952992000000000000,953424000000000000,55587140.00688637,38.625,350.375
2000,10,962150400000000000,963014400000000000,55587140.00688637,38.625,350.375
2002,10,1009929600000000000,1010793600000000000,55587140.00688637,38.625,350.375
2002,10,1011830400000000000,1012694400000000000,55587140.00688637,38.625,350.375
2002,10,1013040000000000000,1013904000000000000,55587140.00688637,38.625,350.375
2002,5,1016496000000000000,1016928000000000000,55587140.00688637,38.625,350.375
2003,28,1060214400000000000,1062633600000000000,55587140.00688637,38.625,350.375
2004,6,1087948800000000000,1088467200000000000,55587140.00688637,38.625,350.375
2004,20,1091664000000000000,1093392000000000000,55587140.00688637,38.625,350.375
2005,9,1119571200000000000,1120348800000000000,55587140.00688637,38.625,350.375
2005,6,1121385600000000000,1121904000000000000,55587140.00688637,38.625,350.375
2005,6,1123891200000000000,1124409600000000000,55587140.00688637,38.625,350.375
2006,20,1149292800000000000,1151020800000000000,55587140.00688637,38.625,350.375
2006,33,1152489600000000000,1155340800000000000,55587140.00688637,38.625,350.375
2006,6,1160179200000000000,1160697600000000000,55587140.00688637,38.625,350.375
2006,45,1161993600000000000,1165881600000000000,55587140.00688637,38.625,350.375
2007,8,1185667200000000000,1186358400000000000,55587140.00688637,38.625,350.375
2008,6,1202169600000000000,1202688000000000000,55587140.00688637,38.625,350.375
2008,20,1203206400000000000,1204934400000000000,55587140.00688637,38.625,350.375
2009,15,1245715200000000000,1247011200000000000,55587140.00688637,38.625,350.375
2009,9,1255219200000000000,1255996800000000000,55587140.00688637,38.625,350.375
2009,25,1256342400000000000,1258502400000000000,55587140.00688637,38.625,350.375
2010,5,1270684800000000000,1271116800000000000,55587140.00688637,38.625,350.375
2010,14,1271635200000000000,1272844800000000000,55587140.00688637,38.625,350.375
2011,9,1296432000000000000,1297209600000000000,55587140.00688637,38.625,350.375
2011,15,1302134400000000000,1303430400000000000,55587140.00688637,38.625,350.375
2011,43,1303689600000000000,1307404800000000000,55587140.00688637,38.625,350.375
2011,7,1317340800000000000,1317945600000000000,55587140.00688637,38.625,350.375
2011,6,1318377600000000000,1318896000000000000,55587140.00688637,38.625,350.375
2012,15,1344902400000000000,1346198400000000000,55587140.00688637,38.625,350.375
2012,21,1346976000000000000,1348790400000000000,55587140.00688637,38.625,350.375
2012,7,1349568000000000000,1350172800000000000,55587140.00688637,38.625,350.375
2013,9,1374710400000000000,1375488000000000000,55587140.00688637,38.625,350.375
2013,10,1381708800000000000,1382572800000000000,55587140.00688637,38.625,350.375
2014,5,1407456000000000000,1407888000000000000,55587140.00688637,38.625,350.375
2014,37,1409788800000000000,1412985600000000000,55587140.00688637,38.625,350.375
2014,17,1413590400000000000,1415059200000000000,55587140.00688637,38.625,350.375
2015,6,1431216000000000000,1431734400000000000,55587140.00688637,38.625,350.375
2015,5,1440806400000000000,1441238400000000000,55587140.00688637,38.625,350.375
2015,11,1445212800000000000,1446163200000000000,55587140.00688637,38.625,350.375
2015,6,1446768000000000000,1447286400000000000,55587140.00688637,38.625,350.375
2015,6,1447632000000000000,1448150400000000000,55587140.00688637,38.625,350.375
2015,62,1450051200000000000,1455408000000000000,55587140.00688637,38.625,350.375
2017,18,1494806400000000000,1496361600000000000,55587140.00688637,38.625,350.375
2017,6,1497744000000000000,1498262400000000000,55587140.00688637,38.625,350.375
2020,5,1582243200000000000,1582675200000000000,55587140.00688637,38.625,350.375
2020,5,1588377600000000000,1588809600000000000,55587140.00688637,38.625,350.375
2020,22,1589673600000000000,1591574400000000000,55587140.00688637,38.625,350.375
2021,16,1618444800000000000,1619827200000000000,55587140.00688637,38.625,350.375
2021,15,1630627200000000000,1631923200000000000,55587140.00688637,38.625,350.375
2022,7,1654300800000000000,1654905600000000000,55587140.00688637,38.625,350.375
2022,15,1662768000000000000,1664064000000000000,55587140.00688637,38.625,350.375
2022,6,1672272000000000000,1672790400000000000,55587140.00688637,38.625,350.375
2023,5,1673136000000000000,1673568000000000000,55587140.00688637,38.625,350.375
2023,8,1673827200000000000,1674518400000000000,55587140.00688637,38.625,350.375
2023,32,1678579200000000000,1681344000000000000,55587140.00688637,38.625,350.375
2023,24,1681689600000000000,1683763200000000000,55587140.00688637,38.625,350.375
2023,15,1686268800000000000,1687564800000000000,55587140.00688637,38.625,350.375
2023,42,1695427200000000000,1699056000000000000,55587140.00688637,38.625,350.375
2023,7,1699574400000000000,1700179200000000000,55587140.00688637,38.625,350.375
2023,87,1701907200000000000,1709424000000000000,55587140.00688637,38.625,350.375
2024,5,1712966400000000000,1713398400000000000,55587140.00688637,38.625,350.375
2024,22,1732060800000000000,1733961600000000000,55587140.00688637,38.625,350.375
2024,14,1734566400000000000,1735776000000000000,55587140.00688637,38.625,350.375
2025,7,1736553600000000000,1737158400000000000,55587140.00688637,38.625,350.375
2025,8,1740787200000000000,1741478400000000000,55587140.00688637,38.625,350.375
2025,8,1743984000000000000,1744675200000000000,55587140.00688637,38.625,350.375
1983,8,427420800000000000,428112000000000000,55587140.0068864,38.625,350.625
1983,28,437788800000000000,440208000000000000,55587140.0068864,38.625,350.625
1985,5,489801600000000000,490233600000000000,55587140.0068864,38.625,350.625
1986,6,527385600000000000,527904000000000000,55587140.0068864,38.625,350.625
1987,5,555033600000000000,555465600000000000,55587140.0068864,38.625,350.625
1988,16,594950400000000000,596332800000000000,55587140.0068864,38.625,350.625
1988,10,596592000000000000,597456000000000000,55587140.0068864,38.625,350.625
1989,34,617500800000000000,620438400000000000,55587140.0068864,38.625,350.625
1989,8,629683200000000000,630374400000000000,55587140.0068864,38.625,350.625
1990,6,634867200000000000,635385600000000000,55587140.0068864,38.625,350.625
1990,13,642384000000000000,643507200000000000,55587140.0068864,38.625,350.625
1990,14,648172800000000000,649382400000000000,55587140.0068864,38.625,350.625
1990,5,649900800000000000,650332800000000000,55587140.0068864,38.625,350.625
1991,23,683337600000000000,685324800000000000,55587140.0068864,38.625,350.625
1994,6,771724800000000000,772243200000000000,55587140.0068864,38.625,350.625
1994,15,787190400000000000,788486400000000000,55587140.0068864,38.625,350.625
1995,16,804729600000000000,806112000000000000,55587140.0068864,38.625,350.625
1995,6,808963200000000000,809481600000000000,55587140.0068864,38.625,350.625
1995,5,815616000000000000,816048000000000000,55587140.0068864,38.625,350.625
1995,10,816652800000000000,817516800000000000,55587140.0068864,38.625,350.625
1995,21,819849600000000000,821664000000000000,55587140.0068864,38.625,350.625
1996,6,837129600000000000,837648000000000000,55587140.0068864,38.625,350.625
1997,69,856915200000000000,862876800000000000,55587140.0068864,38.625,350.625
1997,20,864864000000000000,866592000000000000,55587140.0068864,38.625,350.625
1998,11,887673600000000000,888624000000000000,55587140.0068864,38.625,350.625
1998,12,888969600000000000,890006400000000000,55587140.0068864,38.625,350.625
1998,15,890524800000000000,891820800000000000,55587140.0068864,38.625,350.625
2000,10,962150400000000000,963014400000000000,55587140.0068864,38.625,350.625
2002,32,1009929600000000000,1012694400000000000,55587140.0068864,38.625,350.625
2002,11,1013040000000000000,1013990400000000000,55587140.0068864,38.625,350.625
2002,5,1016496000000000000,1016928000000000000,55587140.0068864,38.625,350.625
2002,13,1033171200000000000,1034294400000000000,55587140.0068864,38.625,350.625
2003,9,1060214400000000000,1060992000000000000,55587140.0068864,38.625,350.625
2003,7,1062115200000000000,1062720000000000000,55587140.0068864,38.625,350.625
2004,19,1092096000000000000,1093737600000000000,55587140.0068864,38.625,350.625
2005,8,1119657600000000000,1120348800000000000,55587140.0068864,38.625,350.625
2005,7,1123804800000000000,1124409600000000000,55587140.0068864,38.625,350.625
2005,7,1129939200000000000,1130544000000000000,55587140.0068864,38.625,350.625
2005,5,1130889600000000000,1131321600000000000,55587140.0068864,38.625,350.625
2006,23,1149292800000000000,1151280000000000000,55587140.0068864,38.625,350.625
2006,30,1152403200000000000,1154995200000000000,55587140.0068864,38.625,350.625
2006,46,1161907200000000000,1165881600000000000,55587140.0068864,38.625,350.625
2007,6,1185840000000000000,1186358400000000000,55587140.0068864,38.625,350.625
2008,13,1200700800000000000,1201824000000000000,55587140.0068864,38.625,350.625
2008,6,1202169600000000000,1202688000000000000,55587140.0068864,38.625,350.625
2008,29,1203206400000000000,1205712000000000000,55587140.0068864,38.625,350.625
2009,17,1245542400000000000,1247011200000000000,55587140.0068864,38.625,350.625
2009,24,1256428800000000000,1258502400000000000,55587140.0068864,38.625,350.625
2009,7,1258848000000000000,1259452800000000000,55587140.0068864,38.625,350.625
2010,5,1270684800000000000,1271116800000000000,55587140.0068864,38.625,350.625
2010,14,1271635200000000000,1272844800000000000,55587140.0068864,38.625,350.625
2010,7,1275004800000000000,1275609600000000000,55587140.0068864,38.625,350.625
2011,9,1296432000000000000,1297209600000000000,55587140.0068864,38.625,350.625
2011,12,1302134400000000000,1303171200000000000,55587140.0068864,38.625,350.625
2011,45,1303603200000000000,1307491200000000000,55587140.0068864,38.625,350.625
2011,6,1308960000000000000,1309478400000000000,55587140.0068864,38.625,350.625
2011,5,1317513600000000000,1317945600000000000,55587140.0068864,38.625,350.625
2011,6,1318377600000000000,1318896000000000000,55587140.0068864,38.625,350.625
2012,7,1344988800000000000,1345593600000000000,55587140.0068864,38.625,350.625
2012,21,1346976000000000000,1348790400000000000,55587140.0068864,38.625,350.625
2013,5,1374969600000000000,1375401600000000000,55587140.0068864,38.625,350.625
2013,19,1380931200000000000,1382572800000000000,55587140.0068864,38.625,350.625
2014,38,1409788800000000000,1413072000000000000,55587140.0068864,38.625,350.625
2014,16,1413590400000000000,1414972800000000000,55587140.0068864,38.625,350.625
2015,7,1431129600000000000,1431734400000000000,55587140.0068864,38.625,350.625
2015,9,1445212800000000000,1445990400000000000,55587140.0068864,38.625,350.625
2015,6,1446768000000000000,1447286400000000000,55587140.0068864,38.625,350.625
2015,7,1447545600000000000,1448150400000000000,55587140.0068864,38.625,350.625
2015,62,1450051200000000000,1455408000000000000,55587140.0068864,38.625,350.625
2016,11,1481328000000000000,1482278400000000000,55587140.0068864,38.625,350.625
2017,18,1494806400000000000,1496361600000000000,55587140.0068864,38.625,350.625
2017,6,1497744000000000000,1498262400000000000,55587140.0068864,38.625,350.625
2018,8,1531094400000000000,1531785600000000000,55587140.0068864,38.625,350.625
2020,6,1588291200000000000,1588809600000000000,55587140.0068864,38.625,350.625
2020,22,1589673600000000000,1591574400000000000,55587140.0068864,38.625,350.625
2021,9,1618444800000000000,1619222400000000000,55587140.0068864,38.625,350.625
2021,15,1630627200000000000,1631923200000000000,55587140.0068864,38.625,350.625
2022,8,1654300800000000000,1654992000000000000,55587140.0068864,38.625,350.625
2022,15,1662768000000000000,1664064000000000000,55587140.0068864,38.625,350.625
2023,31,1678665600000000000,1681344000000000000,55587140.0068864,38.625,350.625
2023,18,1682121600000000000,1683676800000000000,55587140.0068864,38.625,350.625
2023,14,1686268800000000000,1687478400000000000,55587140.0068864,38.625,350.625
2023,11,1695513600000000000,1696464000000000000,55587140.0068864,38.625,350.625
2023,13,1697068800000000000,1698192000000000000,55587140.0068864,38.625,350.625
2023,31,1701907200000000000,1704585600000000000,55587140.0068864,38.625,350.625
2024,51,1705017600000000000,1709424000000000000,55587140.0068864,38.625,350.625
2024,12,1712966400000000000,1714003200000000000,55587140.0068864,38.625,350.625
2024,16,1732406400000000000,1733788800000000000,55587140.0068864,38.625,350.625
2024,5,1735084800000000000,1735516800000000000,55587140.0068864,38.625,350.625
2025,6,1736553600000000000,1737072000000000000,55587140.0068864,38.625,350.625
2025,6,1740873600000000000,1741392000000000000,55587140.0068864,38.625,350.625
2025,9,1743897600000000000,1744675200000000000,55587140.0068864,38.625,350.625
1983,17,438739200000000000,440208000000000000,58949695.276924595,38.875,350.125
1988,15,595209600000000000,596505600000000000,58949695.276924595,38.875,350.125
1989,6,603158400000000000,603676800000000000,58949695.276924595,38.875,350.125
1989,28,618019200000000000,620438400000000000,58949695.276924595,38.875,350.125
1990,12,635472000000000000,636508800000000000,58949695.276924595,38.875,350.125
1990,5,637286400000000000,637718400000000000,58949695.276924595,38.875,350.125
1990,5,648518400000000000,648950400000000000,58949695.276924595,38.875,350.125
1991,18,683596800000000000,685152000000000000,58949695.276924595,38.875,350.125
1995,7,805334400000000000,805939200000000000,58949695.276924595,38.875,350.125
1995,7,815443200000000000,816048000000000000,58949695.276924595,38.875,350.125
1995,5,816825600000000000,817257600000000000,58949695.276924595,38.875,350.125
1995,23,819849600000000000,821836800000000000,58949695.276924595,38.875,350.125
1997,68,856915200000000000,862790400000000000,58949695.276924595,38.875,350.125
1997,6,866073600000000000,866592000000000000,58949695.276924595,38.875,350.125
1998,11,887673600000000000,888624000000000000,58949695.276924595,38.875,350.125
1998,13,888969600000000000,890092800000000000,58949695.276924595,38.875,350.125
1998,11,890611200000000000,891561600000000000,58949695.276924595,38.875,350.125
1999,15,935625600000000000,936921600000000000,58949695.276924595,38.875,350.125
2000,5,952992000000000000,953424000000000000,58949695.276924595,38.875,350.125
2000,9,962236800000000000,963014400000000000,58949695.276924595,38.875,350.125
2002,7,1010102400000000000,1010707200000000000,58949695.276924595,38.875,350.125
2002,20,1010966400000000000,1012694400000000000,58949695.276924595,38.875,350.125
2002,13,1016496000000000000,1017619200000000000,58949695.276924595,38.875,350.125
2003,5,1057017600000000000,1057449600000000000,58949695.276924595,38.875,350.125
2003,7,1060214400000000000,1060819200000000000,58949695.276924595,38.875,350.125
2003,18,1061078400000000000,1062633600000000000,58949695.276924595,38.875,350.125
2003,10,1064188800000000000,1065052800000000000,58949695.276924595,38.875,350.125
2004,9,1087689600000000000,1088467200000000000,58949695.276924595,38.875,350.125
2004,23,1091404800000000000,1093392000000000000,58949695.276924595,38.875,350.125
2005,6,1121385600000000000,1121904000000000000,58949695.276924595,38.875,350.125
2005,5,1122336000000000000,1122768000000000000,58949695.276924595,38.875,350.125
2006,16,1147564800000000000,1148947200000000000,58949695.276924595,38.875,350.125
2006,17,1149292800000000000,1150761600000000000,58949695.276924595,38.875,350.125
2006,31,1152748800000000000,1155427200000000000,58949695.276924595,38.875,350.125
2006,15,1159574400000000000,1160870400000000000,58949695.276924595,38.875,350.125
2006,43,1162166400000000000,1165881600000000000,58949695.276924595,38.875,350.125
2007,8,1185667200000000000,1186358400000000000,58949695.276924595,38.875,350.125
2008,6,1202169600000000000,1202688000000000000,58949695.276924595,38.875,350.125
2008,20,1203206400000000000,1204934400000000000,58949695.276924595,38.875,350.125
2009,15,1245888000000000000,1247184000000000000,58949695.276924595,38.875,350.125
2009,5,1247443200000000000,1247875200000000000,58949695.276924595,38.875,350.125
2009,43,1254614400000000000,1258329600000000000,58949695.276924595,38.875,350.125
2010,14,1271721600000000000,1272931200000000000,58949695.276924595,38.875,350.125
2011,9,1296432000000000000,1297209600000000000,58949695.276924595,38.875,350.125
2011,15,1302134400000000000,1303430400000000000,58949695.276924595,38.875,350.125
2011,43,1303689600000000000,1307404800000000000,58949695.276924595,38.875,350.125
2011,7,1317340800000000000,1317945600000000000,58949695.276924595,38.875,350.125
2011,6,1318377600000000000,1318896000000000000,58949695.276924595,38.875,350.125
2012,17,1344816000000000000,1346284800000000000,58949695.276924595,38.875,350.125
2012,21,1347062400000000000,1348876800000000000,58949695.276924595,38.875,350.125
2012,8,1349568000000000000,1350259200000000000,58949695.276924595,38.875,350.125
2014,38,1409702400000000000,1412985600000000000,58949695.276924595,38.875,350.125
2014,19,1413590400000000000,1415232000000000000,58949695.276924595,38.875,350.125
2014,8,1416096000000000000,1416787200000000000,58949695.276924595,38.875,350.125
2015,5,1437177600000000000,1437609600000000000,58949695.276924595,38.875,350.125
2015,6,1440720000000000000,1441238400000000000,58949695.276924595,38.875,350.125
2015,5,1445472000000000000,1445904000000000000,58949695.276924595,38.875,350.125
2015,14,1446768000000000000,1447977600000000000,58949695.276924595,38.875,350.125
2015,19,1450051200000000000,1451692800000000000,58949695.276924595,38.875,350.125
2016,37,1452470400000000000,1455667200000000000,58949695.276924595,38.875,350.125
2016,5,1465171200000000000,1465603200000000000,58949695.276924595,38.875,350.125
2017,8,1494028800000000000,1494720000000000000,58949695.276924595,38.875,350.125
2017,8,1495497600000000000,1496188800000000000,58949695.276924595,38.875,350.125
2017,7,1497744000000000000,1498348800000000000,58949695.276924595,38.875,350.125
2020,5,1582243200000000000,1582675200000000000,58949695.276924595,38.875,350.125
2020,6,1588291200000000000,1588809600000000000,58949695.276924595,38.875,350.125
2020,19,1590019200000000000,1591660800000000000,58949695.276924595,38.875,350.125
2021,17,1618444800000000000,1619913600000000000,58949695.276924595,38.875,350.125
2021,13,1630627200000000000,1631750400000000000,58949695.276924595,38.875,350.125
2022,6,1654387200000000000,1654905600000000000,58949695.276924595,38.875,350.125
2022,15,1662768000000000000,1664064000000000000,58949695.276924595,38.875,350.125
2022,58,1669766400000000000,1674777600000000000,58949695.276924595,38.875,350.125
2023,33,1678492800000000000,1681344000000000000,58949695.276924595,38.875,350.125
2023,26,1681603200000000000,1683849600000000000,58949695.276924595,38.875,350.125
2023,27,1685404800000000000,1687737600000000000,58949695.276924595,38.875,350.125
2023,91,1695686400000000000,1703548800000000000,58949695.276924595,38.875,350.125
2023,10,1703894400000000000,1704758400000000000,58949695.276924595,38.875,350.125
2024,47,1705449600000000000,1709510400000000000,58949695.276924595,38.875,350.125
2024,6,1712966400000000000,1713484800000000000,58949695.276924595,38.875,350.125
2024,8,1728864000000000000,1729555200000000000,58949695.276924595,38.875,350.125
2024,42,1732233600000000000,1735862400000000000,58949695.276924595,38.875,350.125
2025,9,1736467200000000000,1737244800000000000,58949695.276924595,38.875,350.125
2025,8,1740700800000000000,1741392000000000000,58949695.276924595,38.875,350.125
2025,7,1743984000000000000,1744588800000000000,58949695.276924595,38.875,350.125
2025,8,1747440000000000000,1748131200000000000,58949695.276924595,38.875,350.125
1983,18,438652800000000000,440208000000000000,58949695.27692462,38.875,350.375
1987,5,547430400000000000,547862400000000000,58949695.27692462,38.875,350.375
1988,22,595123200000000000,597024000000000000,58949695.27692462,38.875,350.375
1989,6,603158400000000000,603676800000000000,58949695.27692462,38.875,350.375
1989,29,617932800000000000,620438400000000000,58949695.27692462,38.875,350.375
1989,10,629510400000000000,630374400000000000,58949695.27692462,38.875,350.375
1990,13,634867200000000000,635990400000000000,58949695.27692462,38.875,350.375
1990,7,637545600000000000,638150400000000000,58949695.27692462,38.875,350.375
1990,11,642384000000000000,643334400000000000,58949695.27692462,38.875,350.375
1990,13,648172800000000000,649296000000000000,58949695.27692462,38.875,350.375
1990,8,649900800000000000,650592000000000000,58949695.27692462,38.875,350.375
1991,23,683510400000000000,685497600000000000,58949695.27692462,38.875,350.375
1994,8,771811200000000000,772502400000000000,58949695.27692462,38.875,350.375
1995,15,804816000000000000,806112000000000000,58949695.27692462,38.875,350.375
1995,11,809136000000000000,810086400000000000,58949695.27692462,38.875,350.375
1995,7,815443200000000000,816048000000000000,58949695.27692462,38.875,350.375
1995,19,816652800000000000,818294400000000000,58949695.27692462,38.875,350.375
1995,25,819849600000000000,822009600000000000,58949695.27692462,38.875,350.375
1997,68,856915200000000000,862790400000000000,58949695.27692462,38.875,350.375
1997,10,864604800000000000,865468800000000000,58949695.27692462,38.875,350.375
1997,6,866073600000000000,866592000000000000,58949695.27692462,38.875,350.375
1998,11,887673600000000000,888624000000000000,58949695.27692462,38.875,350.375
1998,32,888969600000000000,891734400000000000,58949695.27692462,38.875,350.375
1999,10,935971200000000000,936835200000000000,58949695.27692462,38.875,350.375
2000,5,952992000000000000,953424000000000000,58949695.27692462,38.875,350.375
2000,7,958089600000000000,958694400000000000,58949695.27692462,38.875,350.375
2000,10,962150400000000000,963014400000000000,58949695.27692462,38.875,350.375
2002,32,1009929600000000000,1012694400000000000,58949695.27692462,38.875,350.375
2002,14,1016496000000000000,1017705600000000000,58949695.27692462,38.875,350.375
2003,18,1061078400000000000,1062633600000000000,58949695.27692462,38.875,350.375
2003,10,1064188800000000000,1065052800000000000,58949695.27692462,38.875,350.375
2004,8,1087776000000000000,1088467200000000000,58949695.27692462,38.875,350.375
2004,23,1091404800000000000,1093392000000000000,58949695.27692462,38.875,350.375
2005,5,1121385600000000000,1121817600000000000,58949695.27692462,38.875,350.375
2005,5,1122336000000000000,1122768000000000000,58949695.27692462,38.875,350.375
2005,6,1130889600000000000,1131408000000000000,58949695.27692462,38.875,350.375
2006,18,1149292800000000000,1150848000000000000,58949695.27692462,38.875,350.375
2006,22,1153094400000000000,1154995200000000000,58949695.27692462,38.875,350.375
2006,5,1159574400000000000,1160006400000000000,58949695.27692462,38.875,350.375
2006,45,1161993600000000000,1165881600000000000,58949695.27692462,38.875,350.375
2007,7,1185753600000000000,1186358400000000000,58949695.27692462,38.875,350.375
2008,20,1203206400000000000,1204934400000000000,58949695.27692462,38.875,350.375
2009,13,1245888000000000000,1247011200000000000,58949695.27692462,38.875,350.375
2009,5,1247443200000000000,1247875200000000000,58949695.27692462,38.875,350.375
2009,16,1254614400000000000,1255996800000000000,58949695.27692462,38.875,350.375
2009,24,1256342400000000000,1258416000000000000,58949695.27692462,38.875,350.375
2010,6,1270684800000000000,1271203200000000000,58949695.27692462,38.875,350.375
2010,14,1271635200000000000,1272844800000000000,58949695.27692462,38.875,350.375
2011,8,1296432000000000000,1297123200000000000,58949695.27692462,38.875,350.375
2011,61,1302134400000000000,1307404800000000000,58949695.27692462,38.875,350.375
2011,5,1317513600000000000,1317945600000000000,58949695.27692462,38.875,350.375
2011,6,1318377600000000000,1318896000000000000,58949695.27692462,38.875,350.375
2012,15,1344902400000000000,1346198400000000000,58949695.27692462,38.875,350.375
2012,20,1347062400000000000,1348790400000000000,58949695.27692462,38.875,350.375
2012,7,1349568000000000000,1350172800000000000,58949695.27692462,38.875,350.375
2013,7,1381708800000000000,1382313600000000000,58949695.27692462,38.875,350.375
2014,34,1409702400000000000,1412640000000000000,58949695.27692462,38.875,350.375
2014,17,1413590400000000000,1415059200000000000,58949695.27692462,38.875,350.375
2015,6,1440720000000000000,1441238400000000000,58949695.27692462,38.875,350.375
2015,10,1445299200000000000,1446163200000000000,58949695.27692462,38.875,350.375
2015,16,1446768000000000000,1448150400000000000,58949695.27692462,38.875,350.375
2015,62,1450051200000000000,1455408000000000000,58949695.27692462,38.875,350.375
2016,5,1465171200000000000,1465603200000000000,58949695.27692462,38.875,350.375
2017,5,1483660800000000000,1484092800000000000,58949695.27692462,38.875,350.375
2017,10,1495411200000000000,1496275200000000000,58949695.27692462,38.875,350.375
2017,7,1497744000000000000,1498348800000000000,58949695.27692462,38.875,350.375
2020,7,1588291200000000000,1588896000000000000,58949695.27692462,38.875,350.375
2020,23,1589587200000000000,1591574400000000000,58949695.27692462,38.875,350.375
2021,17,1618444800000000000,1619913600000000000,58949695.27692462,38.875,350.375
2021,15,1630627200000000000,1631923200000000000,58949695.27692462,38.875,350.375
2022,6,1654387200000000000,1654905600000000000,58949695.27692462,38.875,350.375
2022,15,1662768000000000000,1664064000000000000,58949695.27692462,38.875,350.375
2022,45,1670803200000000000,1674691200000000000,58949695.27692462,38.875,350.375
2023,33,1678492800000000000,1681344000000000000,58949695.27692462,38.875,350.375
2023,19,1682121600000000000,1683763200000000000,58949695.27692462,38.875,350.375
2023,15,1686268800000000000,1687564800000000000,58949695.27692462,38.875,350.375
2023,52,1695686400000000000,1700179200000000000,58949695.27692462,38.875,350.375
2023,19,1701907200000000000,1703548800000000000,58949695.27692462,38.875,350.375
2023,5,1703808000000000000,1704240000000000000,58949695.27692462,38.875,350.375
2024,46,1705449600000000000,1709424000000000000,58949695.27692462,38.875,350.375
2024,12,1712966400000000000,1714003200000000000,58949695.27692462,38.875,350.375
2024,20,1732147200000000000,1733875200000000000,58949695.27692462,38.875,350.375
2024,14,1734566400000000000,1735776000000000000,58949695.27692462,38.875,350.375
2025,5,1736553600000000000,1736985600000000000,58949695.27692462,38.875,350.375
2025,6,1740873600000000000,1741392000000000000,58949695.27692462,38.875,350.375
2025,8,1743984000000000000,1744675200000000000,58949695.27692462,38.875,350.375
