Zone,Year,activity_total,events_total,area_total_km2,intensity_mean_degC,duration_mean_days
NW,1981,0,0,0,NA,NA
NW,1982,7644277821.674263,2,124.62225652308675,1.1530061960220337,5.5
NW,1983,437112178169.6572,41,3229.2937615172723,1.454016000032425,8.340608465608465
NW,1984,61028676877.520676,8,535.4441743714915,1.6088106632232666,7.75
NW,1985,64118711609.39675,12,979.3536414118876,1.6756300926208496,5.333333333333333
NW,1986,151623259626.01242,16,1188.3707294815863,1.7022783160209656,7.75
NW,1987,65942524856.4923,13,957.7621965103538,1.5679194927215576,5.6
NW,1988,125217184578.73701,17,1334.4218369672285,1.5387340545654298,6.325
NW,1989,985546207805.486,70,5553.086607943834,1.4568791091442108,11.329337231968811
NW,1990,1264060475046.1162,118,9238.987722674608,1.4956703186035156,11.524393037518038
NW,1991,790711377330.042,26,2039.6244758879066,1.9393953084945679,22.485507246376812
NW,1992,0,0,0,NA,NA
NW,1993,61221023845.48793,12,912.241980027484,1.4851232767105105,5.666666666666667
NW,1994,116985224450.7583,20,1581.8209362447599,1.4525729417800903,8.382352941176471
NW,1995,647754667523.1963,70,5425.726136780198,1.4047618082591466,10.709975845410629
NW,1996,408883325302.8982,15,1280.2968699014784,1.372322956720988,6.461538461538462
NW,1997,2301906684483.578,84,6891.836315894233,1.5580451753404405,20.586126933495354
NW,1998,940453714234.8995,80,6277.068791821321,1.2014908194541931,14.55733746130031
NW,1999,591575947690.3362,41,3316.585676792796,1.8740600744883218,8.488562091503269
NW,2000,163246251907.47476,24,1784.1505580490389,1.5196243524551392,6.066666666666666
NW,2001,13707552697.671024,3,257.41145418166377,1.5211342970530193,5.5
NW,2002,427673660233.47815,54,4059.6737929915466,1.3548898696899414,10.374761904761904
NW,2003,398540132076.3016,45,3609.3663155989357,1.5466468036174774,7.2905982905982905
NW,2004,1222651471878.0862,54,4284.350464533683,1.7939334710439048,21.04214559386973
NW,2005,172586283848.21347,32,2440.408839392916,1.6026900112628937,5.637152777777778
NW,2006,3305070051323.761,102,7919.818483314664,1.7970218807458878,22.241772276255034
NW,2007,353473359934.0453,44,3667.8471380623146,1.3084860444068909,8.381578947368421
NW,2008,348404630746.5284,56,4469.3891249995595,1.4264647960662842,7.038517441860465
NW,2009,1035245864230.221,71,5555.071782722229,1.6404459714889525,8.773
NW,2010,620915009400.5844,49,3915.8034170320875,1.763341208299001,7.908391608391608
NW,2011,1440268145876.2146,63,4761.375887285525,1.5339213354246957,10.023615950445219
NW,2012,735405963393.6387,60,4698.519970856739,1.6689871152242024,8.899126984126983
NW,2013,687831837224.28125,50,3968.0779679945713,1.7229893505573273,10.211915535444946
NW,2014,2754082150002.108,80,6380.995431215092,1.851978924539354,16.54839240959542
NW,2015,883479908428.0044,66,5136.23037738992,1.5703701632363456,12.500769230769233
NW,2016,888717588173.2408,63,4989.486617227624,1.4088155925273895,8.998684210526315
NW,2017,259258223295.32083,34,2675.5756036504317,1.4907877892255783,6.778846153846153
NW,2018,211294232416.24008,15,1273.6033908879165,1.836227297782898,13
NW,2019,43758471925.275314,8,713.2159475663104,1.4557414054870603,6.125
NW,2020,1004105637372.8329,61,4898.32205640371,1.4942095875740051,9.253030303030304
NW,2021,947068374377.7949,63,4966.056016339226,1.6201543509960175,13.12865990990991
NW,2022,1729853255103.9502,118,9336.290790963665,1.607050827571324,28.116526259626657
NW,2023,4859079218227.011,124,9659.838725938376,1.6701213777065278,22.697537647537647
NW,2024,1634433274151.345,92,7155.721318058528,1.3517559596470423,17.235518449804164
NW,2025,663380676501.779,92,7320.035511976526,1.2457752108573914,8.10758802600908
SW,1981,47587905839.390274,8,337.0059971741831,1.7006524801254272,5.375
SW,1982,0,0,0,NA,NA
SW,1983,389041013605.1326,20,923.2733116285806,1.3794555068016052,13.24871794871795
SW,1984,0,0,0,NA,NA
SW,1985,12947635900.65565,3,146.56610666763936,1.4629530906677246,5
SW,1986,14790506568.896118,3,160.03419294256136,1.41968834400177,5.75
SW,1987,175380109333.15457,16,687.4606422369689,1.56461443901062,7.027777777777778
SW,1988,149341358466.1129,12,633.3978061248189,1.454937219619751,12.916666666666666
SW,1989,658556735567.5037,37,1730.2810406901372,1.454397238790989,12.405050505050506
SW,1990,416567598191.25354,54,2634.8969109236796,1.352595865726471,9.679761904761905
SW,1991,435932780819.94543,13,631.7669500481297,1.970263957977295,22.291666666666664
SW,1992,0,0,0,NA,NA
SW,1993,0,0,0,NA,NA
SW,1994,109453471308.5048,16,734.5848790615526,1.3087204694747925,8.538461538461538
SW,1995,540613867031.6764,46,2250.7409526296324,1.4095850437879562,14.738095238095237
SW,1996,182219971453.1527,12,502.1358232089898,1.342626412709554,9.152777777777779
SW,1997,1033771931923.7902,53,2458.1411626712534,1.5114892721176147,17.652483974358972
SW,1998,310027845415.3373,32,1583.5992392474873,1.165766994158427,10.86111111111111
SW,1999,38804873332.47489,5,271.20343777646787,1.4490054845809937,7.777777777777778
SW,2000,117278542867.90344,20,946.8157519419068,1.4747583866119385,6.6466666666666665
SW,2001,6723570543.247814,2,104.44705293567496,1.1098239421844482,5
SW,2002,297343994199.6137,41,2033.4182954758385,1.2814870732171195,9.390952380952381
SW,2003,182140265538.52054,20,990.5719166989569,1.369220331311226,7.52991452991453
SW,2004,179050396566.426,14,717.6381274871612,1.5988776087760925,10.242424242424242
SW,2005,221028074713.5347,31,1490.9749823430282,1.4950317740440369,6.872727272727272
SW,2006,1586383271909.426,52,2456.374950409991,1.5855083227157594,18.562962962962963
SW,2007,107455365445.37466,17,759.8705008251093,1.4205545783042908,7.833333333333333
SW,2008,306806003810.9102,28,1310.761096575525,1.1044769088427224,11.708695652173912
SW,2009,485538733674.2283,28,1384.7825341484368,1.721127986907959,11.852272727272727
SW,2010,269295147129.56216,28,1297.2970843795642,1.3252122402191162,8.150980392156864
SW,2011,1235536940930.695,53,2575.9161026460292,1.5311682969331741,14.447394867037724
SW,2012,238017848720.26562,16,869.1946628231144,1.7595936954021454,11.053571428571429
SW,2013,259598695985.04617,22,973.8685802119994,1.4857623875141144,11.572916666666666
SW,2014,854811458843.7153,28,1344.4073357521288,1.9336614608764648,13.75
SW,2015,584503769575.0164,55,2693.820238980462,1.4373799429999459,13.228571428571428
SW,2016,701209326646.0696,32,1445.6174396024535,1.5594623684883118,12.769325912183055
SW,2017,417331125777.74304,34,1580.327038979942,1.5413535386323929,8.933566433566433
SW,2018,88765953647.22552,6,252.75092138753524,1.6322671572367349,9.416666666666666
SW,2019,11005541720.845932,3,109.54342393708372,0.9494094252586365,6
SW,2020,354102937908.85016,28,1334.3107859799618,1.5204452474912007,7.833333333333333
SW,2021,285378732868.8866,21,1049.543423223501,1.3964253266652424,14.194444444444443
SW,2022,295517850478.81616,30,1533.0083011005036,1.471704864501953,23.203333333333333
SW,2023,1234754755517.464,73,3536.2154001331537,1.4454822648655286,18.105540293040292
SW,2024,1013197137256.5981,37,1864.8984579263943,1.3392542824149132,18.312354312354312
SW,2025,260124767856.92606,30,1489.2295870841115,1.32236381371816,8.951058201058201
S,1981,4679380352.144885,1,32.023208888210064,1.5519506931304932,5
S,1982,68488390487.31342,9,305.05196882217433,1.8724476099014282,6.3
S,1983,80023058806.54332,12,397.752977721148,1.5787542462348938,6.690476190476191
S,1984,0,0,0,NA,NA
S,1985,10794074921.496136,2,70.78365330773369,1.5984832048416138,5.5
S,1986,0,0,0,NA,NA
S,1987,160612106485.17804,16,525.8458132739883,1.5523561477661132,7.916666666666667
S,1988,9547623579.887533,1,35.39182665386666,1.857329249382019,8
S,1989,228879624397.9865,12,397.75297772114766,1.9679604768753052,11.544444444444444
S,1990,77219102235.61938,9,301.6833510565176,1.5513094663619995,7.083333333333334
S,1991,146006993087.7057,10,326.9693244134143,1.8973320722579956,10.916666666666668
S,1992,0,0,0,NA,NA
S,1993,19041280989.65789,3,99.43824443028694,1.6398207545280457,5.666666666666667
S,1994,10807191933.538095,3,102.80686219594337,1.0828888416290283,5.666666666666667
S,1995,192513074847.81644,21,699.4363287776656,1.3899412870407104,9.831428571428571
S,1996,176450267199.35297,21,696.0677110120085,1.6014511982599895,7.925925925925926
S,1997,384406872578.1177,34,1125.843897621367,1.4288755655288696,10.662896825396826
S,1998,179294543725.87683,16,529.214431039645,1.2884667714436848,14.45
S,1999,13716944910.953238,3,99.43824443028711,1.2319815158843994,6
S,2000,69134099459.92622,9,298.3147332908609,1.563796838124593,7
S,2001,0,0,0,NA,NA
S,2002,29831684831.21893,8,269.6601421683074,0.9745301306247711,5.833333333333334
S,2003,56066463374.97633,6,195.50787109491728,2.004909098148346,6.375
S,2004,9009836568.333384,3,99.438244430287,0.8572930097579956,5.333333333333333
S,2005,177472308441.25665,10,333.7065599447276,1.760834813117981,9.190476190476192
S,2006,566697933759.1873,30,997.7510620685263,1.9557931224505107,13.420634920634921
S,2007,109217867198.35422,15,493.82260438577805,1.411677822470665,8.475
S,2008,159563338178.27402,16,532.5830488053017,1.7396060994693212,9.8125
S,2009,101175573425.97702,9,294.94611552520433,1.872541069984436,7.944444444444445
S,2010,336597473328.24,20,670.7817376551121,1.9088743754795618,11.326530612244898
S,2011,736689129118.1156,27,901.6814354038963,1.7208882570266724,16.90595238095238
S,2012,28870651392.5089,5,163.4846622067073,1.7071218490600586,5.4
S,2013,387155239989.41394,24,792.1373376766395,1.8264965812365215,10.572222222222223
S,2014,164459148489.1864,13,429.7761866093581,1.6836171627044678,13.5
S,2015,454097324787.1255,26,859.552373218716,1.6896085739135742,19.883333333333333
S,2016,549868069645.4662,25,841.0036353931329,1.7129115036555698,15.505952380952381
S,2017,666438203118.9932,34,1132.58113315268,1.6896142810583115,16.358333333333334
S,2018,237202354829.5533,6,198.87648886057391,2.4775617122650146,25.166666666666668
S,2019,41874261032.30842,5,170.2218977380204,1.5908172726631165,6.625
S,2020,380362190107.12225,27,894.944199872583,1.5962042659521103,12.152380952380952
S,2021,101525136394.53198,8,262.9229066369942,1.3894660472869873,11.416666666666666
S,2022,139429560119.95346,16,532.5830488053018,1.684007787704468,13.133333333333333
S,2023,613898304870.1278,33,1093.8206887331567,1.5786947740448847,27.98392857142857
S,2024,569182276986.1002,14,468.5366310288814,1.355001966158549,34.68333333333334
S,2025,457721426102.2208,26,862.9209909843728,1.7945330341657002,10.677083333333334
