"TimeLabel","Trend","Estimate","SE","CI_low","CI_high","significant"
"1981_11","X1",0.554321265849477,0.200408013924252,0.161528776344741,0.947113755354212,TRUE
"1981_11","X2",-1.02082617723486,0.395978314429107,-1.79692941217478,-0.244722942294929,TRUE
"1981_11","X3",-0.0196728608459221,0.505740336028928,-1.0109057049918,0.971559983299961,FALSE
"1982_02","X1",0.596244551814145,0.678588101859218,-0.733763688167319,1.92625279179561,FALSE
"1982_02","X2",-0.22745307081302,0.768891604526213,-1.73445292369961,1.27954678207357,FALSE
"1982_02","X3",-0.461905087196728,0.869980901135604,-2.16703632066021,1.24322614626676,FALSE
"1982_05","X1",0.615072478642349,0.555643762394435,-0.473969283885075,1.70411424116977,FALSE
"1982_05","X2",0.486781396726144,0.587531543265444,-0.664759267855362,1.63832206130765,FALSE
"1982_05","X3",-0.8975630680932,0.797771154968751,-2.46116579973687,0.666039663550474,FALSE
"1982_07","X1",0.168549966056838,0.725788789677314,-1.25396992209361,1.59106985420729,FALSE
"1982_07","X2",0.32140798906895,0.809698688705458,-1.26557227912306,1.90838825726095,FALSE
"1982_07","X3",-0.230205887511826,0.931069254512899,-2.05506809346966,1.59465631844601,FALSE
"1982_09","X1",-0.378741646670435,0.483581510853771,-1.32654399153329,0.569060698192421,FALSE
"1982_09","X2",0.0422189649434948,0.53978113291721,-1.01573261510846,1.10017054499545,FALSE
"1982_09","X3",0.443016947893114,0.702818826283975,-0.934482639280188,1.82051653506642,FALSE
"1983_03","X1",-0.170504323022084,0.181857936529749,-0.526939328923163,0.185930682878995,FALSE
"1983_03","X2",0.215627175446534,0.337923166491221,-0.446690060417991,0.877944411311059,FALSE
"1983_03","X3",0.68393218353656,0.429768188876537,-0.158397988362459,1.52626235543558,FALSE
"1983_07","X1",0.544884141286976,0.655127960216907,-0.73914306600335,1.8289113485773,FALSE
"1983_07","X2",0.860474787008367,0.737320726797668,-0.584647282569958,2.30559685658669,FALSE
"1983_07","X3",-0.300192208438025,0.219583131661474,-0.73056723810703,0.130182821230981,FALSE
"1983_08","X1",0.381597573460384,0.729747748316862,-1.04868173103987,1.81187687796063,FALSE
"1983_08","X2",0.142000797693602,0.846504303033176,-1.5171171490096,1.80111874439681,FALSE
"1983_08","X3",-0.227578942283558,0.784234210329343,-1.76464974997328,1.30949186540616,FALSE
"1983_10","X1",0.285156058723706,0.456515434486476,-0.609597751256442,1.17990986870385,FALSE
"1983_10","X2",-0.600140294762836,0.540035227017865,-1.65858989010076,0.458309300575091,FALSE
"1983_10","X3",-0.146575190356298,0.641246711035941,-1.40339564919151,1.11024526847891,FALSE
"1983_11","X1",-0.466786630256876,0.130966320108137,-0.723475900856568,-0.210097359657183,TRUE
"1983_11","X2",-1.17531688008916,0.092920077802342,-1.35743688602241,-0.993196874155906,TRUE
"1983_11","X3",0.710037307235785,0.0760554284249242,0.56097140669417,0.8591032077774,TRUE
"1983_12","X1",-0.26832277500331,0.717247797966779,-1.67410262700886,1.13745707700224,FALSE
"1983_12","X2",-0.956924972077056,0.830377446706324,-2.58443486119578,0.670584917041665,FALSE
"1983_12","X3",0.33710271917158,0.818916294187183,-1.26794372378831,1.94214916213147,FALSE
"1984_07","X1",-0.271363197180156,0.794219606475666,-1.82800502168804,1.28527862732772,FALSE
"1984_07","X2",-0.891440061244488,0.956293396219779,-2.76574067648875,0.98286055399977,FALSE
"1984_07","X3",-0.0246075716692801,0.828005157875447,-1.64746786011856,1.59825271678,FALSE
"1985_07","X1",-0.224529014072826,0.709984359168846,-1.61607278763051,1.16701475948486,FALSE
"1985_07","X2",-0.834235541988311,0.836099311277837,-2.47296007959161,0.804488995614992,FALSE
"1985_07","X3",-0.375218735839046,0.225491133226154,-0.817173235795432,0.0667357641173391,FALSE
"1985_09","X1",0.470315064777655,0.439552355675342,-0.391191721665756,1.33182185122107,FALSE
"1985_09","X2",-0.475631664259031,0.547007912177943,-1.54774747138625,0.596484142868185,FALSE
"1985_09","X3",-0.338066988646117,0.603782538529522,-1.52145901865815,0.845325041365914,FALSE
"1985_10","X1",0.00977163638036331,0.180531890000826,-0.344064366082202,0.363607638842929,FALSE
"1985_10","X2",-0.416131295490282,0.333614529751075,-1.07000375852166,0.237741167541091,FALSE
"1985_10","X3",-0.596132106178149,0.424058660403947,-1.42727180790219,0.235007595545887,FALSE
"1986_09","X1",-0.458992243639882,0.650199057019356,-1.73335897817972,0.815374490899959,FALSE
"1986_09","X2",-0.098322631883315,0.710806546571257,-1.49147786313827,1.29483259937164,FALSE
"1986_09","X3",-0.839226527415672,0.215987216318753,-1.26255369252149,-0.415899362309853,TRUE
"1986_10","X1",-0.535480929902941,0.70306109897139,-1.91345536281802,0.842493503012133,FALSE
"1986_10","X2",0.559158127263799,0.723352760546208,-0.858587231524395,1.97690348605199,FALSE
"1986_10","X3",-0.81445775440596,0.537551315022097,-1.86803897169141,0.239123462879495,FALSE
"1987_03","X1",-0.759726427568036,0.131325740494568,-1.01712014918044,-0.502332705955629,TRUE
"1987_03","X2",1.07014333949923,0.0931003429598245,0.887670020349643,1.25261665864881,TRUE
"1987_03","X3",-0.638779407734315,0.076127764153613,-0.787987083698956,-0.489571731769674,TRUE
"1987_05","X1",-0.212089407359817,0.66603629470102,-1.51749655737032,1.09331774265069,FALSE
"1987_05","X2",0.442625347568605,0.689563437095154,-0.908894154193547,1.79414484933076,FALSE
"1987_05","X3",-0.594131711489101,0.558996936751337,-1.68974557498994,0.501482152011734,FALSE
"1987_07","X1",0.429253373809743,0.442877832154584,-0.438771226764417,1.2972779743839,FALSE
"1987_07","X2",-0.111190127707377,0.528045917065374,-1.14614110733893,0.92376085192418,FALSE
"1987_07","X3",-0.040219378467513,0.631877108302838,-1.27867575339639,1.19823699646137,FALSE
"1987_08","X1",0.391704052192068,0.179498881311702,0.0398927095559033,0.743515394828233,TRUE
"1987_08","X2",-0.192215231420054,0.331541124603281,-0.842023895036391,0.457593432196283,FALSE
"1987_08","X3",0.640991485500854,0.422393684585128,-0.186884923583168,1.46886789458488,FALSE
"1987_09","X1",-0.0175085884003404,0.130943510004625,-0.274153152018665,0.239135975217985,FALSE
"1987_09","X2",0.720983117751805,0.0928920266393859,0.538918091087673,0.903048144415936,TRUE
"1987_09","X3",1.04757100286627,0.0760293888189576,0.898556139014525,1.19658586671802,TRUE
"1988_03","X1",0.157693429360881,0.702300373485064,-1.21879000899887,1.53417686772064,FALSE
"1988_03","X2",0.475220808144224,0.788202391760766,-1.06962749223521,2.02006910852366,FALSE
"1988_03","X3",0.889347176052352,0.845358429761518,-0.767524900307555,2.54621925241226,FALSE
"1988_06","X1",0.381115290363828,0.731982068447621,-1.05354320112264,1.8157737818503,FALSE
"1988_06","X2",0.160234457663795,0.79732058329006,-1.40248516971719,1.72295408504478,FALSE
"1988_06","X3",0.772460450498589,0.928990643715338,-1.04832775315815,2.59324865415533,FALSE
"1988_07","X1",0.623556926259163,0.465349318536103,-0.288510978301855,1.53562483082018,FALSE
"1988_07","X2",-0.208930214611937,0.191127305891874,-0.583532850622179,0.165672421398305,FALSE
"1988_07","X3",0.671156414085339,0.676503384148207,-0.654765854264612,1.99707868243529,FALSE
"1988_11","X1",0.248556120830459,0.71875676634185,-1.16018125484404,1.65729349650496,FALSE
"1988_11","X2",-0.803600475397041,0.827653460373626,-2.4257714494093,0.818570498615214,FALSE
"1988_11","X3",1.53060507743595,0.22265674027721,1.09420588557753,1.96700426929437,TRUE
"1989_01","X1",0.398926360379916,0.855751815512421,-1.27831637772919,2.07616909848902,FALSE
"1989_01","X2",-0.304199313659749,1.05213235555634,-2.36634083751946,1.75794221019996,FALSE
"1989_01","X3",0.860774434845618,0.727840921002009,-0.565767556792782,2.28731642648402,FALSE
"1989_02","X1",0.402336490941028,0.867957082958941,-1.29882813178494,2.103501113667,FALSE
"1989_02","X2",0.0173087760674226,1.05403130619369,-2.04855462264991,2.08317217478476,FALSE
"1989_02","X3",0.206190160989771,0.244033757485661,-0.272107214694106,0.684487536673649,FALSE
"1989_03","X1",0.189513597453531,0.887954739927479,-1.55084571270596,1.92987290761302,FALSE
"1989_03","X2",0.292158041981118,1.10902061684178,-1.88148242514116,2.4657985091034,FALSE
"1989_03","X3",-0.136086717345023,0.729758522965211,-1.56638713976798,1.29421370507794,FALSE
"1989_05","X1",0.184529311427329,0.813938960367237,-1.41076173650643,1.77982035936109,FALSE
"1989_05","X2",0.62888838356382,0.96887022254835,-1.27006235832425,2.52783912545189,FALSE
"1989_05","X3",-0.468218231810675,0.23952557380614,-0.937679729846999,0.00124326622564902,FALSE
"1989_06","X1",0.102870500271919,0.726778936045321,-1.32159003909925,1.52733103964309,FALSE
"1989_06","X2",0.790246845273124,0.839752252562754,-0.855637325686256,2.4361310162325,FALSE
"1989_06","X3",0.0637369935295632,0.716992818716672,-1.34154310832897,1.4690170953881,FALSE
"1989_07","X1",1.25972362415202,0.130887887288949,1.00318807905314,1.5162591692509,TRUE
"1989_07","X2",1.60239567838202,0.0928489401421332,1.42041509970072,1.78437625706331,TRUE
"1989_07","X3",0.617836112946101,0.0759955278723423,0.4688876153302,0.766784610562001,TRUE
"1989_08","X1",0.708084589563386,0.130208705028888,0.452880217233166,0.963288961893606,TRUE
"1989_08","X2",-0.598660943117009,0.0923982046918873,-0.779758096549268,-0.41756378968475,TRUE
"1989_08","X3",-1.09701819628835,0.075716757460023,-1.24542031393615,-0.948616078640546,TRUE
"1989_10","X1",-0.0317622530711102,0.130676133592144,-0.287882768550657,0.224358262408436,FALSE
"1989_10","X2",0.223724065889597,0.0926964931966289,0.0420422777310427,0.405405854048152,TRUE
"1989_10","X3",1.52563121688005,0.0758782618686923,1.37691255640792,1.67434987735219,TRUE
"1989_12","X1",-1.16353263501504,0.664378972349978,-2.46569149290673,0.138626222876646,FALSE
"1989_12","X2",-1.02434464406533,0.7346766471717,-2.4642844128045,0.415595124673847,FALSE
"1989_12","X3",0.0301719295152542,0.215089487236555,-0.391395718921582,0.45173957795209,FALSE
"1990_01","X1",-1.38342506730266,0.73391849377627,-2.82187888269203,0.055028748086718,FALSE
"1990_01","X2",-1.8189626315331,0.82869692783151,-3.44317876418185,-0.194746498884353,TRUE
"1990_01","X3",-1.31271000902407,0.224239856303643,-1.75221205127765,-0.873207966770494,TRUE
"1990_02","X1",-0.764285025828399,0.664378972343187,-2.06644388370678,0.537873832049979,FALSE
"1990_02","X2",-2.27029051440076,0.734676647169587,-3.71023028313579,-0.830350745665728,TRUE
"1990_02","X3",0.511061579719863,0.215089487232425,0.0894939312911219,0.932629228148605,TRUE
"1990_03","X1",0.76299988719991,0.130676133251303,0.5068793723884,1.01912040201142,TRUE
"1990_03","X2",-1.3747745169678,0.0926964929804074,-1.55645630470257,-1.19309272923304,TRUE
"1990_03","X3",0.290452386619369,0.0758782617505874,0.141733726378715,0.439171046860024,TRUE
"1990_05","X1",0.17285049919726,0.130208224921279,-0.0823529321393381,0.428053930533858,FALSE
"1990_05","X2",-0.639966362244921,0.0923978973922526,-0.821062913380963,-0.458869811108879,TRUE
"1990_05","X3",-0.282089580302983,0.0757165890932452,-0.430491367957962,-0.133687792648004,TRUE
"1990_07","X1",0.63707581863522,0.130208263905522,0.38187231089091,0.892279326379531,TRUE
"1990_07","X2",-1.29344983165687,0.0923979221502918,-1.47454643131778,-1.11235323199596,TRUE
"1990_07","X3",0.152032504010817,0.0757166027536636,0.00363068958191054,0.300434318439724,TRUE
"1990_08","X1",0.483777018098252,0.130732033510953,0.227546940791102,0.740007095405403,TRUE
"1990_08","X2",-0.0421026637471587,0.0927275183763996,-0.223845260140678,0.13963993264636,FALSE
"1990_08","X3",1.07038875121388,0.0759102338853566,0.921607426740574,1.2191700756872,TRUE
"1990_09","X1",0.841759458758786,0.639285540455809,-0.411217176371823,2.09473609388939,FALSE
"1990_09","X2",0.361346236846717,0.646639140475715,-0.90604318947962,1.62873566317305,FALSE
"1990_09","X3",0.750358141454473,0.532759029671592,-0.293830369140354,1.7945466520493,FALSE
"1991_08","X1",0.73634451038295,0.130732728484599,0.480113070952482,0.992575949813417,TRUE
"1991_08","X2",0.155844410163519,0.0927279625865124,-0.0258990568658224,0.337587877192861,FALSE
"1991_08","X3",-0.0233314418094372,0.0759104764049781,-0.172113241612472,0.125450357993597,FALSE
"1991_09","X1",-0.270523415508503,0.131185882938474,-0.527643021347999,-0.0134038096690058,TRUE
"1991_09","X2",0.602795256206239,0.0930336318785746,0.420452688373275,0.785137824039202,TRUE
"1991_09","X3",-0.307479517516461,0.0761007234246845,-0.456634194626286,-0.158324840406636,TRUE
"1993_02","X1",-0.40204941152265,0.807237103772682,-1.98420506190153,1.18010623885623,FALSE
"1993_02","X2",0.274639193247655,0.832926222696561,-1.35786620501659,1.9071445915119,FALSE
"1993_02","X3",-0.415324056635758,0.860802471275383,-2.10246589813858,1.27181778486707,FALSE
"1993_06","X1",-0.450118659756671,0.774409406856484,-1.9679332064844,1.06769588697106,FALSE
"1993_06","X2",-0.0615753558867846,0.877792888475341,-1.78201780318384,1.65886709141027,FALSE
"1993_06","X3",-0.52532863716871,0.976739751797224,-2.43970337295986,1.38904609862244,FALSE
"1993_07","X1",-0.747218350479205,0.576925517013018,-1.87797158558687,0.383534884628461,FALSE
"1993_07","X2",-0.479040185710908,0.585811508526891,-1.62720964415269,0.669129272730877,FALSE
"1993_07","X3",-0.61225275457267,0.813685673176323,-2.20704736873449,0.982541859589151,FALSE
"1994_03","X1",-0.131511442058409,0.643250250949766,-1.3922587669663,1.12923588284948,FALSE
"1994_03","X2",-0.606501051515601,0.581703285695284,-1.74661854116697,0.533616438135768,FALSE
"1994_03","X3",-0.870663923366213,0.717330699338341,-2.27660625907429,0.535278412341866,FALSE
"1994_06","X1",-0.114266695527409,0.716366394194306,-1.51831902788307,1.28978563682825,FALSE
"1994_06","X2",-0.921265365065351,0.810191586790327,-2.50921169575175,0.666680965621046,FALSE
"1994_06","X3",-0.669784599023545,0.225182593407316,-1.11113437204721,-0.22843482599988,TRUE
"1994_07","X1",0.470033225470546,0.78359030512874,-1.06577555121653,2.00584200215763,FALSE
"1994_07","X2",-0.497190637995164,0.809411328157056,-2.08360768986172,1.0892264138714,FALSE
"1994_07","X3",0.607605184715991,0.715961747203836,-0.795654054111899,2.01086442354388,FALSE
"1994_12","X1",0.981708345517762,0.131701100475528,0.723578931861436,1.23983775917409,TRUE
"1994_12","X2",-0.196837158074494,0.0933666882551396,-0.379832504410346,-0.0138418117386413,TRUE
"1994_12","X3",1.86032108676223,0.0763002982402442,1.71077525020169,2.00986692332278,TRUE
"1995_01","X1",0.0544628430024853,0.635928930310565,-1.1919349571333,1.30086064313827,FALSE
"1995_01","X2",0.538324774830722,0.706527281100823,-0.846443250221897,1.92309279988334,FALSE
"1995_01","X3",0.498943756773396,0.744353188317051,-0.959961684105583,1.95784919765238,FALSE
"1995_02","X1",-0.285221497591479,0.190416418532932,-0.658430819981132,0.0879878247981733,FALSE
"1995_02","X2",1.55348991830132,0.366465007569898,0.835231701870122,2.27174813473252,TRUE
"1995_02","X3",-0.843759773599859,0.468933470437474,-1.76285248680269,0.0753329396029689,FALSE
"1995_03","X1",-0.468482833399418,0.637090185411348,-1.7171566517096,0.780190984910769,FALSE
"1995_03","X2",0.805205235475331,0.727165795736794,-0.620013534958195,2.23042400590886,FALSE
"1995_03","X3",-0.261353934815153,0.784395188789084,-1.79874025448825,1.27603238485795,FALSE
"1995_04","X1",-0.764918765462493,0.183724961191753,-1.12501307245935,-0.404824458465639,TRUE
"1995_04","X2",-0.0465792888130635,0.344049081740661,-0.720903097938836,0.62774452031271,FALSE
"1995_04","X3",0.32478057033976,0.437992063761634,-0.533668100147413,1.18322924082693,FALSE
"1995_07","X1",0.151643800169946,0.599540282819737,-1.0234335614377,1.32672116177759,FALSE
"1995_07","X2",0.121024469940946,0.631691084088467,-1.11706730422751,1.3591162441094,FALSE
"1995_07","X3",-0.528656308121512,0.209236383461016,-0.938752083960516,-0.118560532282509,TRUE
"1995_08","X1",1.731016734351,0.396915345373936,0.953076952506812,2.50895651619519,TRUE
"1995_08","X2",0.251183029608302,0.142315832048635,-0.0277508756368743,0.530116934853478,FALSE
"1995_08","X3",0.887301259074229,0.154300140481975,0.584878540920088,1.18972397722837,TRUE
"1995_10","X1",0.452892205332523,0.175459342851822,0.108998212591886,0.79678619807316,TRUE
"1995_10","X2",0.453575348433986,0.317227930684747,-0.168179970598287,1.07533066746626,FALSE
"1995_10","X3",0.707692302330901,0.403381186572946,-0.0829202953931044,1.49830490005491,FALSE
"1995_11","X1",0.290877377480933,0.13023356076959,0.0356242887941289,0.546130466167737,TRUE
"1995_11","X2",0.399179038086672,0.0924182417733832,0.218042612696326,0.580315463477018,TRUE
"1995_11","X3",1.7110388288187,0.0757169271983394,1.56263637848992,1.85944127914749,TRUE
"1995_12","X1",1.73211390586946,0.130208418013803,1.47691009607847,1.98731771566045,TRUE
"1995_12","X2",-0.608017961758955,0.0923980219375461,-0.789114756999287,-0.426921166518622,TRUE
"1995_12","X3",-0.779234667675607,0.075716657641717,-0.927636589683122,-0.630832745668092,TRUE
"1996_01","X1",-1.35749696568246,0.130913821277752,-1.61408334046537,-1.10091059089955,TRUE
"1996_01","X2",-0.125951026789448,0.0928663095518122,-0.307965648888148,0.0560635953092517,FALSE
"1996_01","X3",-0.358785351647221,0.0760231386229858,-0.507787965339969,-0.209782737954473,TRUE
"1996_02","X1",-0.986050579114392,0.69548803020616,-2.34918206999717,0.377080911768385,FALSE
"1996_02","X2",0.582122457311191,0.789526723668467,-0.965321485910912,2.12956640053329,FALSE
"1996_02","X3",-0.0942440483579555,0.829334235699554,-1.71970928147513,1.53122118475922,FALSE
"1996_04","X1",-1.2675836361024,0.696159675905117,-2.6320315283655,0.0968642561607052,FALSE
"1996_04","X2",0.894755257035049,0.809076233718377,-0.691005021800281,2.48051553587038,FALSE
"1996_04","X3",0.169096590418909,0.868915103505382,-1.53394571807453,1.87213889891235,FALSE
"1996_06","X1",-2.68317826408583,0.187663860453913,-3.05099267177525,-2.31536385639641,TRUE
"1996_06","X2",0.50645133675614,0.358699013938437,-0.196585811853228,1.20948848536551,FALSE
"1996_06","X3",0.45233586733916,0.458200815619372,-0.445721228961686,1.35039296364001,FALSE
"1996_07","X1",0.104108719992273,0.180359210112569,-0.249388836108455,0.457606276093001,FALSE
"1996_07","X2",0.813248167136591,0.333107390840861,0.160369678104396,1.46612665616879,TRUE
"1996_07","X3",0.701598848513298,0.423168433304503,-0.127796040157767,1.53099373718436,FALSE
"1997_02","X1",-0.157315139184833,0.58664633239957,-1.3071208223505,0.992490543980837,FALSE
"1997_02","X2",1.28772161548815,0.631269603140005,0.0504559287988453,2.52498730217745,TRUE
"1997_02","X3",0.653697014777942,0.205987431081348,0.249969068590573,1.05742496096531,TRUE
"1997_03","X1",-1.27122954538759,0.130633731401548,-1.52726695410071,-1.01519213667448,TRUE
"1997_03","X2",1.25277451181969,0.0926713489953478,1.07114200539007,1.43440701824931,TRUE
"1997_03","X3",-0.238305560862145,0.0758648442890226,-0.386997923361369,-0.0896131983629219,TRUE
"1997_04","X1",-1.47513027135242,0.130273651933288,-1.73046193727617,-1.21979860542867,TRUE
"1997_04","X2",1.69450629857414,0.0924362644140222,1.51333454945724,1.87567804769105,TRUE
"1997_04","X3",0.574789799898592,0.0757380520754495,0.426345945571492,0.723233654225692,TRUE
"1997_05","X1",1.21496374415976,0.224028950756845,0.775875069182048,1.65405241913748,TRUE
"1997_05","X2",-0.364858082657529,0.111512425816819,-0.583418421087188,-0.14629774422787,TRUE
"1997_05","X3",1.15371696174814,0.101214586377009,0.955340017739081,1.35209390575719,TRUE
"1997_06","X1",0.999855437330645,0.130302934406704,0.744466378813621,1.25524449584767,TRUE
"1997_06","X2",-1.12445706742332,0.0924597251112141,-1.30567479866177,-0.943239336184863,TRUE
"1997_06","X3",0.691205596167625,0.0757385032462302,0.542760857562044,0.839650334773206,TRUE
"1997_07","X1",0.343131225928915,0.18126974021022,-0.012150936370048,0.698413388227878,FALSE
"1997_07","X2",-0.328230918499209,0.337224361522952,-0.98917852179371,0.332716684795292,FALSE
"1997_07","X3",0.142760807996038,0.429991245862881,-0.700006547562716,0.985528163554792,FALSE
"1997_08","X1",-0.224789431114365,0.635743384293688,-1.4708235677396,1.02124470551087,FALSE
"1997_08","X2",0.691661055376337,0.703622628050828,-0.687413954310708,2.07073606506338,FALSE
"1997_08","X3",-0.00757155987367643,0.738514070872976,-1.45503254086077,1.43988942111342,FALSE
"1997_09","X1",-0.807829196839832,0.1323434511591,-1.0672175947014,-0.548440798978261,TRUE
"1997_09","X2",1.65635120191141,0.0953746085893675,1.46942040403665,1.84328199978618,TRUE
"1997_09","X3",-0.150578069843808,0.0765656102042672,-0.300643908298504,-0.0005122313891118,TRUE
"1997_10","X1",-1.27648373379361,0.130944121034903,-1.53312949500927,-1.01983797257794,TRUE
"1997_10","X2",-0.385970149466371,0.0928875778655188,-0.568026456693947,-0.203913842238794,TRUE
"1997_10","X3",-0.81332417016682,0.0760452334971156,-0.962370089017106,-0.664278251316535,TRUE
"1997_11","X1",-0.627938762715957,0.70739170166405,-2.01440102094,0.758523495508084,FALSE
"1997_11","X2",-0.420377831709273,0.788360682168328,-1.96553637558662,1.12478071216808,FALSE
"1997_11","X3",-0.805232979124346,0.859820018847879,-2.49044924925274,0.879983291004047,FALSE
"1997_12","X1",-0.272506734012159,0.764422275918347,-1.77074686379226,1.22573339576794,FALSE
"1997_12","X2",-0.684861083582883,0.80019063141557,-2.25320590192377,0.883483734757999,FALSE
"1997_12","X3",-0.771915313751816,0.980321205682197,-2.6933095701698,1.14947894266617,FALSE
"1998_01","X1",0.337178713040795,0.681625125051052,-0.998781983016877,1.67313940909847,FALSE
"1998_01","X2",-0.876182882162856,0.275500335356191,-1.4161536171897,-0.336212147136015,TRUE
"1998_01","X3",-0.70600036499724,0.823608135389903,-2.32024264773564,0.908241917741159,FALSE
"1998_02","X1",0.61718024562826,0.130918510104269,0.360584680914249,0.87377581034227,TRUE
"1998_02","X2",0.0419524406678867,0.0928306859032433,-0.13999236036262,0.223897241698394,FALSE
"1998_02","X3",-0.213959255806093,0.0760411449257355,-0.362997161203725,-0.064921350408461,TRUE
"1998_03","X1",0.499208914750964,0.130727181461935,0.242988347285139,0.755429482216789,TRUE
"1998_03","X2",0.293768406170211,0.0926929182443577,0.112093624789354,0.475443187551068,TRUE
"1998_03","X3",-0.0679395693722291,0.0758864085759426,-0.216674197097168,0.0807950583527098,FALSE
"1998_04","X1",0.662558951958608,0.565033163600787,-0.444885698769662,1.77000360268688,FALSE
"1998_04","X2",-0.216859646934855,0.354838477072043,-0.912330282325101,0.47861098845539,FALSE
"1998_04","X3",-0.175200414020035,0.499963875172702,-1.15511160292961,0.80471077488954,FALSE
"1999_04","X1",0.39816892107458,0.41919266441315,-0.423433603758578,1.21977144590774,FALSE
"1999_04","X2",-0.235217432038025,0.501508586336477,-1.21815619919512,0.747721335119066,FALSE
"1999_04","X3",0.123651593892918,0.616967699601183,-1.08558287694993,1.33288606473576,FALSE
"1999_05","X1",1.32217504971332,0.608287838028459,0.129952794943803,2.51439730448283,TRUE
"1999_05","X2",0.0283012062213803,0.380065201369593,-0.716612900239986,0.773215312682746,FALSE
"1999_05","X3",-0.710264846089365,0.547991456787119,-1.78430836522776,0.363778673049025,FALSE
"1999_06","X1",0.642093028945847,0.681069506454233,-0.69277867467292,1.97696473256461,FALSE
"1999_06","X2",-0.9174507507552,0.707871597087114,-2.30485358672479,0.469952085214392,FALSE
"1999_06","X3",-1.36413323264554,0.759158860266928,-2.8520572573132,0.123790792022111,FALSE
"1999_08","X1",0.145484141530926,0.229334442267273,-0.30400310572751,0.594971388789362,FALSE
"1999_08","X2",-1.81926097734261,0.113690146474771,-2.04208956983024,-1.59643238485498,TRUE
"1999_08","X3",-2.01465197696852,0.103087253761905,-2.21669928160699,-1.81260467233004,TRUE
"1999_09","X1",0.655801115897881,0.589767419093039,-0.500121784779615,1.81172401657538,FALSE
"1999_09","X2",-0.200987525065999,0.630922276752113,-1.43757246454415,1.03559741441215,FALSE
"1999_09","X3",-0.0669771555785081,0.206842801769854,-0.472381597508779,0.338427286351763,FALSE
"2000_03","X1",-0.187820340298381,0.176259512465237,-0.533282636662834,0.157641956066072,FALSE
"2000_03","X2",-0.118611132416517,0.319489182152444,-0.744798422885463,0.50757615805243,FALSE
"2000_03","X3",-0.0799862777760509,0.405741343774377,-0.875224698612715,0.715252143060613,FALSE
"2000_05","X1",0.290166785273782,0.130301647376936,0.0347802492887502,0.545553321258814,TRUE
"2000_05","X2",-0.110622512305162,0.0924583178561006,-0.291837485374276,0.0705924607639514,FALSE
"2000_05","X3",-0.287865005631791,0.0757390933834909,-0.436310900885149,-0.139419110378433,TRUE
"2000_06","X1",1.45124559794258,0.226040483153556,1.00821439191357,1.89427680397158,TRUE
"2000_06","X2",-0.910908033809053,0.112327255660443,-1.13106540938574,-0.690750658232362,TRUE
"2000_06","X3",0.436424462138916,0.101897686881653,0.236708665742937,0.636140258534895,TRUE
"2000_07","X1",0.59002656947889,0.589723709448588,-0.565810661869705,1.74586380082748,FALSE
"2000_07","X2",-0.321947778607045,0.631829736382869,-1.5603113062789,0.916415749064814,FALSE
"2000_07","X3",-0.0475317209523599,0.206913109660547,-0.453073963816218,0.358010521911498,FALSE
"2000_08","X1",-0.937815752925728,0.184979756455604,-1.3003694134477,-0.575262092403754,TRUE
"2000_08","X2",-0.195891426010601,0.348907879997936,-0.879738304728779,0.487955452707577,FALSE
"2000_08","X3",-0.205465673896148,0.444894231496085,-1.0774423445581,0.666510996765805,FALSE
"2001_03","X1",-0.154140238115776,0.715669877587807,-1.55682742300807,1.24854694677651,FALSE
"2001_03","X2",-0.276910315321641,0.847779870184391,-1.93852832770109,1.38470769705781,FALSE
"2001_03","X3",-0.0767852614870257,0.892699301232763,-1.82644374092731,1.67287321795326,FALSE
"2001_08","X1",0.348511510342305,0.790670589652581,-1.2011743690118,1.89819738969641,FALSE
"2001_08","X2",-0.562135970045836,0.934383606984417,-2.39349418747992,1.26922224738825,FALSE
"2001_08","X3",0.0577617499621162,0.920781475779286,-1.74693678019692,1.86246028012116,FALSE
"2001_09","X1",0.643495210525777,0.7294977266182,-0.78629406044974,2.07328448150129,FALSE
"2001_09","X2",-1.02419697051534,0.767662608358024,-2.52878803517514,0.480394094144468,FALSE
"2001_09","X3",0.201232036267304,0.593096184784289,-0.961215125278014,1.36367919781262,FALSE
"2002_01","X1",1.2945285533543,0.131266061027074,1.0372518013488,1.5518053053598,TRUE
"2002_01","X2",-1.17595111639855,0.0930681501195436,-1.35836133874062,-0.993540894056476,TRUE
"2002_01","X3",1.72543308311179,0.0761024985630171,1.57627492679476,1.87459123942881,TRUE
"2002_02","X1",0.0852844144548852,0.586287622966459,-1.06381821114097,1.23438704005074,FALSE
"2002_02","X2",-1.22492939978043,0.626469125909283,-2.45278632398891,0.00292752442805622,FALSE
"2002_02","X3",0.742997093132249,0.205430327582356,0.340361049738566,1.14563313652593,TRUE
"2002_03","X1",0.856008748573753,0.131107254172397,0.599043252283916,1.11297424486359,TRUE
"2002_03","X2",0.755399360463393,0.0929733507398813,0.573174941491216,0.937623779435571,TRUE
"2002_03","X3",0.60202931191859,0.0760285404051184,0.45301611092741,0.75104251290977,TRUE
"2002_09","X1",0.0474287244763575,0.671050503572178,-1.26780609433258,1.36266354328529,FALSE
"2002_09","X2",0.03918216646813,0.747883125407759,-1.42664182397633,1.50500615691259,FALSE
"2002_09","X3",0.346019454882866,0.215884851542807,-0.0771070789488117,0.769145988714544,FALSE
"2002_10","X1",-0.379590270916861,0.758043637055314,-1.86532849825503,1.10614795642131,FALSE
"2002_10","X2",-0.489682621214202,0.881653057946095,-2.21769086164815,1.23832561921975,FALSE
"2002_10","X3",-0.575617398186634,0.230858179344096,-1.02809111523755,-0.123143681135719,TRUE
"2003_03","X1",-0.104283189156765,0.769459059064812,-1.61239523250187,1.40382885418834,FALSE
"2003_03","X2",-0.367642183118466,0.911206539154003,-2.1535741823377,1.41828981610077,FALSE
"2003_03","X3",-0.50735386596378,0.800977403905328,-2.07724073004861,1.06253299812105,FALSE
"2003_06","X1",-0.228606077012919,0.518438733079594,-1.2447273220395,0.787515168013659,FALSE
"2003_06","X2",-0.517390300648424,0.600009445071056,-1.69338720337156,0.65860660207471,FALSE
"2003_06","X3",-0.437653585673547,0.709381606460259,-1.82801598563082,0.952708814283727,FALSE
"2003_07","X1",0.894982321583823,0.677624464960399,-0.433137224781783,2.22310186794943,FALSE
"2003_07","X2",-0.0637262581423875,0.704516643700278,-1.44455350630397,1.3171009900192,FALSE
"2003_07","X3",-0.746391474500843,0.56599932498664,-1.85572976674864,0.362946817746953,FALSE
"2003_08","X1",1.70213089552211,0.131166854896428,1.44504858395972,1.9592132070845,TRUE
"2003_08","X2",0.0560398550512503,0.0930110747283579,-0.126258501579695,0.238338211682195,FALSE
"2003_08","X3",-0.350494538434239,0.0760636934838599,-0.499576638193699,-0.20141243867478,TRUE
"2003_09","X1",1.26784696247216,0.606657420141078,0.078820268041669,2.45687365690266,TRUE
"2003_09","X2",-0.166230264315564,0.673563850084109,-1.48639115176855,1.15393062313743,FALSE
"2003_09","X3",-0.929155245854674,0.207662675717209,-1.33616661119362,-0.522143880515725,TRUE
"2004_02","X1",0.583144383925351,0.42211772198646,-0.244191148404201,1.4104799162549,FALSE
"2004_02","X2",-0.403472056231509,0.52414596531952,-1.43077927089975,0.623835158436731,FALSE
"2004_02","X3",-0.200673376464308,0.578303876609423,-1.33412814673867,0.932781393810056,FALSE
"2004_06","X1",0.185031655192708,0.226926939179424,-0.259736972720874,0.62980028310629,FALSE
"2004_06","X2",-1.60914885887125,0.112727533312784,-1.83009076423035,-1.38820695351215,TRUE
"2004_06","X3",-1.65530348042905,0.102233128513875,-1.85567673034309,-1.454930230515,TRUE
"2004_07","X1",0.866051857088221,0.64313085086325,-0.39446144795035,2.12656516212679,FALSE
"2004_07","X2",-1.51111385841359,0.688847295664971,-2.86122974876474,-0.160997968062431,TRUE
"2004_07","X3",-0.810476189345844,0.709559911820368,-2.20118806138718,0.580235682695494,FALSE
"2004_08","X1",1.33843717788425,0.230851298699547,0.885976946648836,1.79089740911965,TRUE
"2004_08","X2",-1.59896171910026,0.114289985255566,-1.82296597399478,-1.37495746420574,TRUE
"2004_08","X3",0.0390819094963069,0.103586371148624,-0.163943647244195,0.242107466236808,FALSE
"2004_09","X1",1.32598395257991,0.697521030968231,-0.0411321465770718,2.69310005173689,FALSE
"2004_09","X2",-0.291758339425777,0.389705464534206,-1.05556701449127,0.472050335639718,FALSE
"2004_09","X3",-1.02265723287479,0.520466728502843,-2.04275327589175,-0.00256118985782994,TRUE
"2004_10","X1",1.05591584252199,0.890652865966052,-0.689731697498857,2.80156338254283,FALSE
"2004_10","X2",-0.129551703472282,0.571907487998279,-1.25046978243768,0.991366375493118,FALSE
"2004_10","X3",-0.737286465415561,0.752227735890488,-2.21162573593302,0.737052805101902,FALSE
"2005_05","X1",0.732781721242369,0.693447048205374,-0.626349518425774,2.09191296091051,FALSE
"2005_05","X2",0.613503798672614,0.709524975904687,-0.777139600232221,2.00414719757745,FALSE
"2005_05","X3",-0.266320746143835,0.280598503066173,-0.816283706269386,0.283642213981716,FALSE
"2005_06","X1",0.331320744825163,0.130907509347724,0.0747467411977839,0.587894748452542,TRUE
"2005_06","X2",1.13849065085744,0.0928459175070193,0.95651599643211,1.32046530528278,TRUE
"2005_06","X3",0.836794100203374,0.0759663043045918,0.687902879727764,0.985685320678984,TRUE
"2005_07","X1",1.02108472176545,0.130208803606585,0.765880156226493,1.2762892873044,TRUE
"2005_07","X2",-0.910252962870568,0.0923982662609502,-1.09135023697597,-0.729155688765163,TRUE
"2005_07","X3",0.648245510702229,0.0757167902785857,0.499843328731229,0.79664769267323,TRUE
"2005_08","X1",1.18397060157171,0.130808701928179,0.927590256928046,1.44035094621538,TRUE
"2005_08","X2",-0.247865597162035,0.0927713522651933,-0.429694106398892,-0.0660370879251777,TRUE
"2005_08","X3",0.636962478956499,0.0759362626330456,0.488130139075155,0.785794818837843,TRUE
"2005_10","X1",0.717244904903671,0.711932581461132,-0.678117314180775,2.11260712398812,FALSE
"2005_10","X2",-0.477877834540966,0.725824572934071,-1.90046785658591,0.944712187503978,FALSE
"2005_10","X3",-0.395886846466475,0.556748157836587,-1.48709318428521,0.695319491352258,FALSE
"2005_11","X1",0.412693519387742,0.716649166373008,-0.991913036254007,1.81730007502949,FALSE
"2005_11","X2",-0.584713741393351,0.73750638889878,-2.03019970200315,0.860772219216448,FALSE
"2005_11","X3",-0.540300133848694,0.568299923887918,-1.65414751708587,0.573547249388478,FALSE
"2006_03","X1",0.472905274595765,0.279947028149128,-0.0757808181555463,1.02159136734708,FALSE
"2006_03","X2",-0.342636226544039,0.353291998339332,-1.03507581931531,0.349803366227237,FALSE
"2006_03","X3",-0.503854164414015,0.423642671001171,-1.33417854189066,0.326470213062631,FALSE
"2006_05","X1",1.13688925440045,0.589707077440254,-0.0189153788108165,2.29269388761172,FALSE
"2006_05","X2",0.168537873949591,0.631635894620793,-1.0694457308499,1.40652147874908,FALSE
"2006_05","X3",-1.49514126612828,0.207201390332096,-1.90124852872581,-1.08903400353075,TRUE
"2006_06","X1",0.788095874137528,0.130640848202569,0.532044516750728,1.04414723152433,TRUE
"2006_06","X2",0.545215305419196,0.0926755374743318,0.363574589721613,0.726856021116778,TRUE
"2006_06","X3",0.913263702946204,0.0758671886436084,0.764566745596425,1.06196066029598,TRUE
"2006_07","X1",0.591607505961245,0.130233568782619,0.336354401569192,0.846860610353297,TRUE
"2006_07","X2",0.418553392550991,0.0924182380881561,0.237416974383557,0.599689810718425,TRUE
"2006_07","X3",-0.980230412834033,0.0757169728953989,-1.12863295272741,-0.831827872940655,TRUE
"2006_08","X1",1.55996326309586,0.175112369277538,1.21674932606441,1.90317720012732,TRUE
"2006_08","X2",1.15281653315164,0.316990090081191,0.531527373136401,1.77410569316689,TRUE
"2006_08","X3",-1.39075426900277,0.403344327140462,-2.18129462356662,-0.600213914438926,TRUE
"2006_09","X1",0.449643864733782,0.130658245083888,0.193558410086153,0.70572931938141,TRUE
"2006_09","X2",1.63469443415053,0.0926903480499305,1.45302469025819,1.81636417804288,TRUE
"2006_09","X3",0.284796826644982,0.0758645503171032,0.136105040320133,0.433488612969831,TRUE
"2006_10","X1",1.34438402934377,0.586278489226082,0.195299305550096,2.49346875313745,TRUE
"2006_10","X2",2.44118429082239,0.626485358242142,1.21329555182612,3.66907302981867,TRUE
"2006_10","X3",-0.787808725421344,0.205434132175986,-1.19045222568152,-0.385165225161171,TRUE
"2006_11","X1",-0.387045610258964,0.132163918544087,-0.646082130661059,-0.128009089856868,TRUE
"2006_11","X2",1.65165613246394,0.0952479743021205,1.46497353323139,1.83833873169649,TRUE
"2006_11","X3",-0.378788695495999,0.0764664581723687,-0.52866019953918,-0.228917191452818,TRUE
"2006_12","X1",-0.505292243211258,0.130209693585678,-0.760498553077184,-0.250085933345332,TRUE
"2006_12","X2",0.349439368751137,0.0923988875774006,0.168340876887867,0.530537860614408,TRUE
"2006_12","X3",-0.876969818339897,0.0757170276576442,-1.0253724655653,-0.728567171114491,TRUE
"2007_01","X1",-0.57954037178424,0.131148637741682,-0.836586978379427,-0.322493765189053,TRUE
"2007_01","X2",0.539684431016549,0.093191908679131,0.357031646354907,0.722337215678192,TRUE
"2007_01","X3",-1.31591646660891,0.0787523861861313,-1.47026830723031,-1.1615646259875,TRUE
"2007_02","X1",-0.807355113423197,0.703422247601912,-2.18603738464716,0.571327157800767,FALSE
"2007_02","X2",0.0643367128250231,0.784262082002706,-1.47278872234068,1.60146214799073,FALSE
"2007_02","X3",-0.653608531216556,0.818572609607741,-2.25798136477869,0.950764302345581,FALSE
"2007_03","X1",-1.28008600626288,0.744019027856375,-2.73833650467388,0.178164492148115,FALSE
"2007_03","X2",-0.574230443085,0.784876512972467,-2.11256014082242,0.96409925465242,FALSE
"2007_03","X3",0.00900707296046055,0.826158655115248,-1.61023413658147,1.62824828250239,FALSE
"2007_07","X1",-0.60192311703389,0.587147003568036,-1.75271009765785,0.548863863590071,FALSE
"2007_07","X2",-0.561773426734184,0.158662106934435,-0.87274544203692,-0.250801411431448,TRUE
"2007_07","X3",0.693476587584168,0.208000183421113,0.285803719301062,1.10114945586727,TRUE
"2007_08","X1",-0.17649368253222,0.658213403550873,-1.46656824763346,1.11358088256902,FALSE
"2007_08","X2",0.12285355515,0.66884622426193,-1.18806095559898,1.43376806589898,FALSE
"2007_08","X3",0.0270276147645173,0.300847544922522,-0.562622738120922,0.616677967649956,FALSE
"2007_10","X1",-0.716582890323544,0.180196240694675,-1.06976103223462,-0.36340474841247,TRUE
"2007_10","X2",0.359489277502737,0.33187647865125,-0.290976667969689,1.00995522297516,FALSE
"2007_10","X3",-0.0732479742521144,0.421452448493555,-0.899279594495705,0.752783645991476,FALSE
"2007_11","X1",-0.186404960447493,0.182242964586523,-0.543594607472886,0.1707846865779,FALSE
"2007_11","X2",0.23564770259407,0.340589457385016,-0.431895367394601,0.90319077258274,FALSE
"2007_11","X3",0.148196960266252,0.433600203552588,-0.701643822386058,0.998037742918561,FALSE
"2007_12","X1",0.659662183115784,0.178703202854556,0.309410341598899,1.00991402463267,TRUE
"2007_12","X2",0.0411475033694166,0.328956249742301,-0.603594898614856,0.68588990535369,FALSE
"2007_12","X3",0.7693917045319,0.418679434420415,-0.0512049079997126,1.58998831706351,FALSE
"2008_01","X1",-0.703109530691673,0.13175937215056,-0.961353154732381,-0.444865906650965,TRUE
"2008_01","X2",0.680317800118689,0.0949915064582219,0.49413786862337,0.866497731614008,TRUE
"2008_01","X3",0.723159810588021,0.0763279686560599,0.573559741009041,0.872759880167,TRUE
"2008_02","X1",1.21971323177707,0.131043225057893,0.962873230245619,1.47655323330851,TRUE
"2008_02","X2",-0.818075800702002,0.0929057635939434,-1.00016775130232,-0.63598385010168,TRUE
"2008_02","X3",0.237299959717244,0.0760333737476513,0.0882772855487741,0.386322633885713,TRUE
"2008_03","X1",1.28301531963777,0.74104512814405,-0.169406442443439,2.73543708171897,FALSE
"2008_03","X2",-0.402467604276363,0.526989742699044,-1.43534852018852,0.630413311635792,FALSE
"2008_03","X3",-0.250338162008369,0.698609415957618,-1.61958745654586,1.11891113252912,FALSE
"2008_04","X1",1.31130546055056,0.424869342280414,0.478576851545725,2.14403406955539,TRUE
"2008_04","X2",0.396373648858361,0.157871563063496,0.086951071070864,0.705796226645857,TRUE
"2008_04","X3",-0.615524257341557,0.187256483844682,-0.982540221548741,-0.248508293134373,TRUE
"2008_06","X1",1.3696836881724,0.433509428305715,0.520020821734648,2.21934655461015,TRUE
"2008_06","X2",0.456171086101444,0.542370300336125,-0.606855168841532,1.51919734104442,FALSE
"2008_06","X3",-0.963248387850359,0.585117582005157,-2.11005777530163,0.183560999600909,FALSE
"2008_07","X1",0.449731980613477,0.72436375010038,-0.96999488128964,1.86945884251659,FALSE
"2008_07","X2",0.13271308698773,0.857980648210401,-1.54889808293699,1.81432425691245,FALSE
"2008_07","X3",-0.709841176771182,0.326215185479145,-1.34921119152036,-0.0704711620220047,TRUE
"2008_08","X1",0.410852512170233,0.831795068628796,-1.21943586486023,2.0411408892007,FALSE
"2008_08","X2",0.225922929367266,0.837995342781008,-1.41651776169581,1.86836362043034,FALSE
"2008_08","X3",-0.606594474474564,0.793767648271368,-2.1623504771795,0.949161528230373,FALSE
"2008_09","X1",0.464316717881064,0.428964257986786,-0.376437778427986,1.30507121419011,FALSE
"2008_09","X2",0.314471806903432,0.177835610024543,-0.0340795839133822,0.663023197720247,FALSE
"2008_09","X3",-0.504597123094429,0.618099085407652,-1.71604906937057,0.706854823181716,FALSE
"2009_06","X1",2.02715694162217,0.130635147148634,1.77111675809576,2.28319712514859,TRUE
"2009_06","X2",0.138012289815322,0.0926319449036104,-0.0435429860136528,0.319567565644297,FALSE
"2009_06","X3",-0.620901985118928,0.0758682808270107,-0.76960108310884,-0.472202887129016,TRUE
"2009_07","X1",0.771691265735314,0.511152418623347,-0.230149065376986,1.77353159684762,FALSE
"2009_07","X2",0.356549987116014,0.143513720721804,0.0752682632139387,0.637831711018089,TRUE
"2009_07","X3",-0.109961626911924,0.182604346367886,-0.467859569213459,0.247936315389611,FALSE
"2009_08","X1",0.642830434296405,0.403590424386474,-0.14819226200632,1.43385313059913,FALSE
"2009_08","X2",0.0646748133524246,0.490307990293083,-0.896311188954232,1.02566081565908,FALSE
"2009_08","X3",-0.90306598827429,0.569364772671584,-2.01900043677643,0.212868460227849,FALSE
"2009_10","X1",0.772829049652688,0.130709278589707,0.51664357117165,1.02901452813373,TRUE
"2009_10","X2",-1.61861239225408,0.0926950508710544,-1.80029135350646,-1.43693343100171,TRUE
"2009_10","X3",-1.50112395702105,0.0758855632044577,-1.64985692784832,-1.35239098619377,TRUE
"2009_11","X1",0.576377082167104,0.540692205970432,-0.483360168256455,1.63611433259066,FALSE
"2009_11","X2",-0.214904477681344,0.14947602509271,-0.507872103415262,0.0780631480525737,FALSE
"2009_11","X3",0.209322051626383,0.1925384103119,-0.168046298225537,0.586690401478303,FALSE
"2009_12","X1",0.352358539970321,0.680962072449552,-0.982302596868555,1.6870196768092,FALSE
"2009_12","X2",0.0266587909426451,0.25432423223332,-0.471807544630462,0.525125126515752,FALSE
"2009_12","X3",0.0416264655058777,0.767336678938847,-1.46232578923084,1.54557872024259,FALSE
"2010_01","X1",0.187093682636065,0.510220877506046,-0.812920861436208,1.18710822670834,FALSE
"2010_01","X2",-0.485749124667711,0.550016868143912,-1.56376237711929,0.592264127783871,FALSE
"2010_01","X3",-0.32920162565146,0.709551099598938,-1.71989622605617,1.06149297475325,FALSE
"2010_02","X1",0.570165946383378,0.765885120828229,-0.930941306735058,2.07127319950181,FALSE
"2010_02","X2",-0.312563384048782,0.798570357375979,-1.87773252362698,1.25260575552942,FALSE
"2010_02","X3",-0.66232888987321,0.592733116036485,-1.82406444974892,0.499406670002502,FALSE
"2010_03","X1",0.746547264807635,0.724464079502493,-0.673376239110212,2.16647076872548,FALSE
"2010_03","X2",-0.323987512962619,0.742315158930443,-1.77889848964441,1.13092346371918,FALSE
"2010_03","X3",-0.265632290377849,0.558626812841354,-1.3605207243453,0.829256143589603,FALSE
"2010_04","X1",0.875346468783221,0.130808132919933,0.618967239375224,1.13172569819122,TRUE
"2010_04","X2",-0.418096565488,0.0927706184885123,-0.59992363654899,-0.23626949442701,TRUE
"2010_04","X3",0.698657135765678,0.0759358784122581,0.549825548943239,0.847488722588116,TRUE
"2010_05","X1",0.809952069972792,0.130217457848923,0.554730542430541,1.06517359751504,TRUE
"2010_05","X2",-0.206754705505387,0.0923986861689202,-0.38785280261529,-0.0256566083954843,TRUE
"2010_05","X3",0.351279024390117,0.0757317500593399,0.202847521787622,0.499710526992613,TRUE
"2010_06","X1",0.0984281250038624,0.38792000118093,-0.661881106193496,0.858737356201221,FALSE
"2010_06","X2",-0.157380103727306,0.163541621581153,-0.477915791999644,0.163155584545032,FALSE
"2010_06","X3",-0.339319396336954,0.552944991425785,-1.4230716649633,0.744432872289394,FALSE
"2010_07","X1",0.782878508050238,0.183268837475414,0.423678187109903,1.14207882899057,TRUE
"2010_07","X2",1.3294902141819,0.348300394588944,0.646833984986484,2.01214644337732,TRUE
"2010_07","X3",-1.25904707277446,0.43426453225742,-2.11018991576214,-0.407904229786785,TRUE
"2010_08","X1",-1.03386688750519,0.387957710702946,-1.79425002800758,-0.273483747002812,TRUE
"2010_08","X2",0.69126042345565,0.163555159664833,0.37069820102688,1.01182264588442,TRUE
"2010_08","X3",-0.29142554483861,0.553007608548004,-1.37530054076932,0.792449451092102,FALSE
"2010_09","X1",0.132584073672344,0.130863228271852,-0.123903140641129,0.389071287985817,FALSE
"2010_09","X2",-0.123386976708058,0.0929844001497364,-0.305633052125602,0.0588590987094865,FALSE
"2010_09","X3",-0.21995693186409,0.0785982414165783,-0.374006654288768,-0.0659072094394122,TRUE
"2011_01","X1",0.503393866921137,0.586271559446816,-0.645677274754756,1.65246500859703,FALSE
"2011_01","X2",-0.165819176218624,0.626485693109527,-1.39370857154291,1.06207021910566,FALSE
"2011_01","X3",1.36369603101251,0.205421028943787,0.961078212615531,1.7663138494095,TRUE
"2011_02","X1",0.228370694811652,0.130658179552929,-0.0277146313976555,0.48445602102096,FALSE
"2011_02","X2",-0.274811367242452,0.0926903036252529,-0.45648102406403,-0.0931417104208741,TRUE
"2011_02","X3",0.108165927990212,0.0758645264102865,-0.0405258114781376,0.256857667458561,FALSE
"2011_03","X1",-0.522659176703266,0.175112400303719,-0.865873174544916,-0.179445178861616,TRUE
"2011_03","X2",-0.266648901535888,0.31699017873137,-0.887938235302288,0.354640432230511,FALSE
"2011_03","X3",0.382242146302738,0.403344437455083,-0.408298424473792,1.17278271707927,FALSE
"2011_04","X1",0.429547852724285,0.13024243642302,0.174277368076417,0.684818337372152,TRUE
"2011_04","X2",-0.411702548410197,0.0924187778366372,-0.592840024465214,-0.23056507235518,TRUE
"2011_04","X3",-0.720471757952215,0.0757320180536546,-0.868903785813915,-0.572039730090515,TRUE
"2011_05","X1",1.90059197418085,0.388089768679066,1.1399500048014,2.6612339435603,TRUE
"2011_05","X2",2.41620125262614,0.16360254162835,2.09554616325536,2.73685634199692,TRUE
"2011_05","X3",-1.99927443537416,0.553233039342726,-3.08359126754354,-0.914957603204787,TRUE
"2011_06","X1",0.625419525535422,0.183447376115822,0.265869275290039,0.984969775780806,TRUE
"2011_06","X2",0.823406929014511,0.343002039981826,0.151135284026365,1.49567857400266,TRUE
"2011_06","X3",-1.51517390453258,0.437570788947295,-2.37279689155606,-0.657550917509106,TRUE
"2011_07","X1",0.699690030995423,0.652806706738275,-0.579787603077797,1.97916766506864,FALSE
"2011_07","X2",0.241864948369347,0.536689804815638,-0.810027739939134,1.29375763667783,FALSE
"2011_07","X3",-1.52725809866018,0.724018932681911,-2.94630913084185,-0.108207066478503,TRUE
"2011_08","X1",0.160402003814625,0.563508867931437,-0.944055082299928,1.26485908992918,FALSE
"2011_08","X2",0.216031326400599,0.513820475653352,-0.79103830039921,1.22310095320041,FALSE
"2011_08","X3",-0.892080454334298,0.657790481857975,-2.18132610814918,0.39716519948058,FALSE
"2011_09","X1",-0.401895406486647,0.130356088448322,-0.657388645010876,-0.146402167962417,TRUE
"2011_09","X2",1.2779561510591,0.0924894599750119,1.09668014055852,1.45923216155969,TRUE
"2011_09","X3",0.0364597087487567,0.0757570564270052,-0.112021393422942,0.184940810920455,FALSE
"2011_10","X1",1.58519391370468,0.131184387192495,1.32807723947344,1.84231058793593,TRUE
"2011_10","X2",-0.000190434442959327,0.0930295657695408,-0.18252503284866,0.182144163962741,FALSE
"2011_10","X3",0.927338908764695,0.0760835797513264,0.778217832637215,1.07645998489218,TRUE
"2011_12","X1",1.01619686994495,0.792334172939084,-0.536749572735982,2.56914331262589,FALSE
"2011_12","X2",0.0946917162529943,0.812799879704802,-1.49836677460691,1.68775020711289,FALSE
"2011_12","X3",0.242739894896261,0.726465001944714,-1.1811053449442,1.66658513473672,FALSE
"2012_03","X1",0.546996536905784,0.709126966029895,-0.842866776978968,1.93685985079054,FALSE
"2012_03","X2",0.18842658467079,0.798563204338894,-1.37672853521234,1.75358170455392,FALSE
"2012_03","X3",-0.442166642889183,0.321202652535158,-1.07171227359683,0.187378987818459,FALSE
"2012_05","X1",-0.164008261171613,0.449693956713755,-1.04539222039589,0.71737569805266,FALSE
"2012_05","X2",0.233667292856444,0.186192745564306,-0.131263782632225,0.598598368345112,FALSE
"2012_05","X3",-0.12857528849594,0.652372405890292,-1.40720170854866,1.15005113155678,FALSE
"2012_06","X1",0.280723055990843,0.746627375537169,-1.18263970993367,1.74408582191535,FALSE
"2012_06","X2",-0.0732650948094225,0.823251647354317,-1.68680867383715,1.54027848421831,FALSE
"2012_06","X3",-0.996433755509312,0.788744979846857,-2.54234550899592,0.549477997977298,FALSE
"2012_08","X1",1.29800228444557,0.751664139346856,-0.17523235714456,2.77123692603571,FALSE
"2012_08","X2",-0.108031183739242,0.853827045486334,-1.7815014419187,1.56543907444021,FALSE
"2012_08","X3",-1.85587925999566,0.229856407212254,-2.30638953974745,-1.40536898024386,TRUE
"2012_09","X1",2.87560024561621,0.70636818705245,1.49114403916856,4.26005645206387,TRUE
"2012_09","X2",0.639569286517763,0.741607721574617,-0.813955138425294,2.09309371146082,FALSE
"2012_09","X3",-0.147387322517696,0.221898234086671,-0.582299869560609,0.287525224525217,FALSE
"2012_10","X1",2.98486383955584,0.574772753576448,1.85832994325109,4.11139773586059,TRUE
"2012_10","X2",0.133794102132921,0.155494300203846,-0.170969126067877,0.438557330333719,FALSE
"2012_10","X3",-0.178711883221745,0.203448908112679,-0.577464415816595,0.220040649373105,FALSE
"2012_11","X1",1.2891527784897,0.713062962021053,-0.108424945781014,2.68673050276042,FALSE
"2012_11","X2",-0.388674994402207,0.696109192295564,-1.75302394060878,0.975673951804364,FALSE
"2012_11","X3",-0.704129533280439,0.567432941366537,-1.81627766200048,0.408018595439602,FALSE
"2013_04","X1",0.0530939711681632,0.496125385585895,-0.919293916396239,1.02548185873257,FALSE
"2013_04","X2",-0.505063062173284,0.553123808419159,-1.58916580566647,0.5790396813199,FALSE
"2013_04","X3",-0.64507623415373,0.692347482359087,-2.00205236436452,0.71189989605706,FALSE
"2013_05","X1",0.57097141572262,0.455662747496697,-0.322111158467475,1.46405398991272,FALSE
"2013_05","X2",0.24541565096712,0.515076262471041,-0.76411527276762,1.25494657470186,FALSE
"2013_05","X3",-1.42028508549837,0.645208390764094,-2.68487029391904,-0.155699877077704,TRUE
"2013_07","X1",-1.04855449717055,0.130242093046464,-1.30382430881273,-0.793284685528362,TRUE
"2013_07","X2",-0.903229520792459,0.0924331928004253,-1.08439524965734,-0.722063791927578,TRUE
"2013_07","X3",-0.780319799994678,0.0757406786713212,-0.928768802355088,-0.631870797634267,TRUE
"2013_08","X1",-0.326083063039596,0.130233289157307,-0.581335619376108,-0.0708305067030843,TRUE
"2013_08","X2",2.64538019458582,0.0924180601574562,2.46424412515615,2.82651626401549,TRUE
"2013_08","X3",-0.581655780238408,0.0757168753385889,-0.730058128923951,-0.433253431552865,TRUE
"2013_09","X1",0.335374337513089,0.175112220997385,-0.00783930889460421,0.678587983920782,FALSE
"2013_09","X2",0.255907240671245,0.316989979580471,-0.365381702766565,0.877196184109056,FALSE
"2013_09","X3",0.300786326705923,0.403344365840859,-0.489754103709308,1.09132675712115,FALSE
"2013_10","X1",0.981543786163626,0.130548659309104,0.725673115687792,1.23741445663946,TRUE
"2013_10","X2",0.431721934794322,0.0926011998854722,0.250226918093602,0.613216951495042,TRUE
"2013_10","X3",-0.135419061472122,0.0758487127314958,-0.284079806699579,0.013241683755334,FALSE
"2013_11","X1",0.25047656504963,0.571424831001705,-0.869495523585598,1.37044865368486,FALSE
"2013_11","X2",-0.112334828391318,0.224127593576402,-0.551616839742696,0.32694718296006,FALSE
"2013_11","X3",-0.713918615772194,0.669092124810785,-2.02531508274071,0.597477851196322,FALSE
"2014_04","X1",0.119300990421838,0.571432884706086,-1.00068688318392,1.23928886402759,FALSE
"2014_04","X2",0.186783143960365,0.22413079931258,-0.252505150518466,0.626071438439197,FALSE
"2014_04","X3",-1.26996270580575,0.669094489325706,-2.58136380713835,0.041438395526854,FALSE
"2014_05","X1",-0.825415316781145,0.131195853040924,-1.08255446366237,-0.568276169899924,TRUE
"2014_05","X2",1.10045987559212,0.0930242477557684,0.918135700301878,1.28278405088235,TRUE
"2014_05","X3",-0.499425121712047,0.0761241013649417,-0.648625618742809,-0.350224624681285,TRUE
"2014_06","X1",-0.341624536851075,0.69011146320998,-1.69421815006087,1.01096907635872,FALSE
"2014_06","X2",0.347878897497391,0.770720870581555,-1.16270625097581,1.85846404597059,FALSE
"2014_06","X3",-1.13794453083935,0.715255339447345,-2.53981923590611,0.263930174227419,FALSE
"2014_08","X1",1.12002273536896,0.645693581958498,-0.145513430318353,2.38555890105628,FALSE
"2014_08","X2",0.103764232392074,0.709586808028902,-1.28700035524931,1.49452882003346,FALSE
"2014_08","X3",-1.77087549513136,0.217784414099567,-2.19772510316066,-1.34402588710205,TRUE
"2014_09","X1",2.08755858691622,0.130687874539907,1.83141505960191,2.34370211423052,TRUE
"2014_09","X2",-0.20420674491295,0.0927060370904547,-0.385907238759675,-0.0225062510662239,TRUE
"2014_09","X3",-0.487343916588795,0.075883422083207,-0.636072690895532,-0.338615142282058,TRUE
"2014_10","X1",2.72226424929775,0.130208597822679,2.46706008708784,2.97746841150766,TRUE
"2014_10","X2",1.05379104505386,0.0923981351648664,0.872694027892054,1.23488806221566,TRUE
"2014_10","X3",0.641980067520223,0.0757167184688839,0.493578026293652,0.790382108746794,TRUE
"2014_11","X1",1.01649228357878,0.130733807892582,0.760258728547542,1.27272583861002,TRUE
"2014_11","X2",1.21112710469819,0.0927294455098297,1.02938073119255,1.39287347820383,TRUE
"2014_11","X3",-0.748473519532139,0.0759102655137771,-0.897254905996015,-0.599692133068263,TRUE
"2015_04","X1",0.320570239863943,0.639421273855374,-0.932672427841311,1.5738129075692,FALSE
"2015_04","X2",1.95873289108565,0.65658796010721,0.671844136592898,3.2456216455784,TRUE
"2015_04","X3",-0.59364526346332,0.543650751225654,-1.65918115603375,0.471890629107107,FALSE
"2015_05","X1",-1.61337265727075,0.178997396477553,-1.96420110769319,-1.26254420684831,TRUE
"2015_05","X2",1.50133025526328,0.329118481007281,0.856269885842478,2.14639062468408,TRUE
"2015_05","X3",-0.337289101766565,0.418852647991829,-1.15822520665978,0.483647003126652,FALSE
"2015_06","X1",0.981375516416357,0.13070446118553,0.725199479874005,1.23755155295871,TRUE
"2015_06","X2",1.523463360207,0.0927191228422659,1.34173721875801,1.70518950165599,TRUE
"2015_06","X3",-0.486174107093988,0.0758787717549475,-0.63489376692482,-0.337454447263156,TRUE
"2015_07","X1",0.853792716100651,0.664379392284593,-0.448366964847759,2.15595239704906,FALSE
"2015_07","X2",0.912811487149946,0.734676820441091,-0.527128621190992,2.35275159549088,FALSE
"2015_07","X3",-0.79073563221783,0.215089767088242,-1.21230382915389,-0.369167435281768,TRUE
"2015_08","X1",1.11783881233339,0.733918531746447,-0.320615077476166,2.55629270214294,FALSE
"2015_08","X2",0.686646253734226,0.828696940312204,-0.937569903376232,2.31086241084468,FALSE
"2015_08","X3",0.448525069264496,0.224239881531183,0.0090229775658488,0.888027160963143,TRUE
"2015_10","X1",0.383469386122371,0.664378976040885,-0.918689479003363,1.68562825124811,FALSE
"2015_10","X2",-0.378285698636107,0.734676648091826,-1.81822546917869,1.06165407190648,FALSE
"2015_10","X3",1.1359252242037,0.215089489304417,0.714357571713924,1.55749287669347,TRUE
"2015_11","X1",0.38392826267975,0.130676133262508,0.127807747846277,0.640048777513222,TRUE
"2015_11","X2",-0.850354259003577,0.0926964929865997,-1.03203604675048,-0.668672471256672,TRUE
"2015_11","X3",0.480314671358443,0.0758782617545674,0.331596011109988,0.629033331606898,TRUE
"2015_12","X1",0.734545873764438,0.130208224874737,0.479342442519061,0.989749305009816,TRUE
"2015_12","X2",0.1152857494496,0.0923978973622989,-0.0658108016277344,0.296382300526934,FALSE
"2015_12","X3",-0.331660264142345,0.0757165890768373,-0.480062051765165,-0.183258476519525,TRUE
"2016_01","X1",2.20128100125431,0.130208197296893,1.94607762406052,2.45648437844811,TRUE
"2016_01","X2",0.406870353559569,0.0923978799499515,0.225773836609809,0.58796687050933,TRUE
"2016_01","X3",-0.382745562002659,0.0757165796229424,-0.531147331096185,-0.234343792909132,TRUE
"2016_02","X1",-0.0050860512418175,0.130633678495236,-0.261123356260464,0.250951253776829,FALSE
"2016_02","X2",-0.380677761009405,0.0926713098918823,-0.562310190797645,-0.199045331221165,TRUE
"2016_02","X3",-1.36294871338082,0.0758648240245102,-1.51164103616233,-1.21425639059931,TRUE
"2016_06","X1",-0.282207247118471,0.586644621642905,-1.43200957726269,0.867595083025749,FALSE
"2016_06","X2",0.332090836971246,0.631239608381858,-0.905116061072364,1.56929773501485,FALSE
"2016_06","X3",-1.99239636662627,0.205983582868929,-2.39611677045589,-1.58867596279665,TRUE
"2016_07","X1",-0.243180092062173,0.180066342437724,-0.596103638067969,0.109743453943623,FALSE
"2016_07","X2",1.79226997345787,0.332141256434599,1.14128507306617,2.44325487384956,TRUE
"2016_07","X3",-1.76698336490064,0.421930770825487,-2.59395247968781,-0.940014250113459,TRUE
"2016_08","X1",-0.109639859293913,0.18440695748575,-0.471070854464592,0.251791135876766,FALSE
"2016_08","X2",1.2361197521693,0.346388673927246,0.557210426619305,1.91502907771929,TRUE
"2016_08","X3",0.064163854249088,0.44171019559448,-0.801572220720235,0.929899929218411,FALSE
"2016_09","X1",-0.126711451594698,0.720327572571093,-1.5385275509052,1.28510464771581,FALSE
"2016_09","X2",-0.0300195518151403,0.531727005621831,-1.07218533244125,1.01214622881097,FALSE
"2016_09","X3",-0.211029915290309,0.743067441587419,-1.66741533888597,1.24535550830535,FALSE
"2016_11","X1",-0.259968939183729,0.180404991891094,-0.613556225921514,0.093618347554056,FALSE
"2016_11","X2",-0.0244136465417444,0.333289923122796,-0.677649892272548,0.628822599189059,FALSE
"2016_11","X3",-0.0798710093435387,0.424899224263342,-0.912658185958696,0.752916167271619,FALSE
"2016_12","X1",-0.0140013098507109,0.130844917457657,-0.270452635627834,0.242450015926413,FALSE
"2016_12","X2",-0.153879322238295,0.0928026933866814,-0.335769258944503,0.0280106144679143,FALSE
"2016_12","X3",1.55870725942247,0.0759433603837958,1.40986100820528,1.70755351063965,TRUE
"2017_01","X1",-0.0811114487319921,0.706662557579185,-1.46614461081016,1.30392171334617,FALSE
"2017_01","X2",-0.397290529270336,0.730003336868459,-1.82807077812658,1.0334897195859,FALSE
"2017_01","X3",0.078087619557116,0.574859107628436,-1.04861552757945,1.20479076669368,FALSE
"2017_03","X1",0.144463812467984,0.698677025373989,-1.22491799409061,1.51384561902658,FALSE
"2017_03","X2",-0.37730634174091,0.774016498092395,-1.89435080144182,1.13973811796,FALSE
"2017_03","X3",-0.312872000712556,0.762920149595948,-1.80816801700052,1.18242401557541,FALSE
"2017_04","X1",0.258658354148109,0.130895292784049,0.00210829454554862,0.51520841375067,TRUE
"2017_04","X2",-0.47256046807251,0.0928493058800732,-0.654541763586996,-0.290579172558023,TRUE
"2017_04","X3",-0.697329550881499,0.0760032663977591,-0.84629321572851,-0.548365886034488,TRUE
"2017_05","X1",-0.776114479856529,0.130208403759743,-1.03131826171008,-0.520910698002982,TRUE
"2017_05","X2",1.3773061562927,0.0923980124564903,1.19620937963489,1.5584029329505,TRUE
"2017_05","X3",1.01418784954318,0.0757166517990054,0.865785938987167,1.16258976009919,TRUE
"2017_06","X1",0.446579047125528,0.130236797344453,0.191319614868559,0.701838479382497,TRUE
"2017_06","X2",0.868892708195675,0.0924207867373463,0.68775129476762,1.05003412162373,TRUE
"2017_06","X3",1.14450587441563,0.0757169567973505,0.996103366073846,1.29290838275741,TRUE
"2017_08","X1",-1.21669443681786,0.180374037804058,-1.57022105465988,-0.863167818975837,TRUE
"2017_08","X2",0.134858516316464,0.333139601135823,-0.518083103733787,0.787800136366716,FALSE
"2017_08","X3",-0.162417768945803,0.424064414936203,-0.99356874934581,0.668733211454205,FALSE
"2017_09","X1",-0.0143150282455885,0.600242994809307,-1.19076968004429,1.16213962355312,FALSE
"2017_09","X2",0.31812215402083,0.522817596142928,-0.706581504903116,1.34282581294478,FALSE
"2017_09","X3",-1.73623425755389,0.665442590194911,-3.04047776811496,-0.431990746992819,TRUE
"2017_10","X1",-0.344463436393632,0.184756906097514,-0.706580318239809,0.0176534454525444,FALSE
"2017_10","X2",1.01429590726135,0.347399788972435,0.333404832638564,1.69518698188414,TRUE
"2017_10","X3",-1.90623563347965,0.442337696172793,-2.77320158698274,-1.03926967997655,TRUE
"2017_11","X1",-0.794579344669411,0.184339323920124,-1.15587778048732,-0.433280908851505,TRUE
"2017_11","X2",-0.192281137106597,0.345930564678058,-0.870292585027195,0.485730310814,FALSE
"2017_11","X3",-0.499180241178275,0.4403752354794,-1.36229984240124,0.363939360044694,FALSE
"2017_12","X1",-0.47308484922369,0.626619094135045,-1.70123570575349,0.755066007306112,FALSE
"2017_12","X2",-0.217060365829659,0.550805623294297,-1.29661954996862,0.8624988183093,FALSE
"2017_12","X3",-1.07901409080966,0.650216952963783,-2.35341590075605,0.195387719136728,FALSE
"2018_07","X1",-0.63700157817203,0.624561646034938,-1.86111991052556,0.587116754181502,FALSE
"2018_07","X2",0.346007799721687,0.680859562558626,-0.988452421422916,1.68046802086629,FALSE
"2018_07","X3",-1.11071826085883,0.213211446526371,-1.5286050171422,-0.69283150457545,TRUE
"2018_09","X1",-0.209762016193617,0.180868087049981,-0.564256952764235,0.144732920377002,FALSE
"2018_09","X2",1.06330296475317,0.333779739436778,0.409106696687921,1.71749923281842,TRUE
"2018_09","X3",-1.25873416170427,0.423993316052159,-2.08974579085221,-0.427722532556335,TRUE
"2018_10","X1",0.775074885548671,0.715768920578077,-0.627806420037471,2.17795619113481,FALSE
"2018_10","X2",1.0973359282241,0.701738320812247,-0.278045907139518,2.47271776358772,FALSE
"2018_10","X3",-0.923501240730717,0.590134098800779,-2.08014282042925,0.233140338967811,FALSE
"2019_01","X1",0.457128933312377,0.798227030665811,-1.10736729827896,2.02162516490372,FALSE
"2019_01","X2",-0.143071337945502,0.562101433230916,-1.24476990273644,0.95862722684544,FALSE
"2019_01","X3",-0.901508571051542,0.77886257532828,-2.42805116760108,0.625034025498,FALSE
"2019_02","X1",0.0712984762063666,0.185860476868032,-0.292981364604416,0.435578317017149,FALSE
"2019_02","X2",-0.640429771580653,0.349280313063021,-1.32500660569305,0.0441470625317427,FALSE
"2019_02","X3",-0.642094223728734,0.444963802030952,-1.51420725013341,0.230018802675941,FALSE
"2019_03","X1",0.333989940941312,0.480400804603443,-0.6075783342255,1.27555821610812,FALSE
"2019_03","X2",-0.461804531546781,0.397678049674615,-1.24123918635116,0.317630123257594,FALSE
"2019_03","X3",-0.855430329711235,0.4801634959088,-1.79653348838333,0.085672828960859,FALSE
"2019_07","X1",-0.438560778501105,0.66094671758698,-1.73399254067155,0.856870983669342,FALSE
"2019_07","X2",-0.442216192776755,0.736397776102073,-1.88552931223221,1.0010969266787,FALSE
"2019_07","X3",-0.339963678041933,0.303119669439978,-0.934067313149976,0.254139957066109,FALSE
"2019_09","X1",-1.07910335716327,0.485853272595813,-2.03135827322198,-0.126848441104554,TRUE
"2019_09","X2",-0.482251698120341,0.556792974723279,-1.57354587542289,0.609042479182206,FALSE
"2019_09","X3",-0.49395937909349,0.667424174841547,-1.80208672419429,0.814167966007304,FALSE
"2019_12","X1",-0.131354492981633,0.755688670379718,-1.61247707045084,1.34976808448757,FALSE
"2019_12","X2",-0.163045509446949,0.550536492467626,-1.2420772068585,0.915986187964605,FALSE
"2019_12","X3",-1.09530950514065,0.800545288594659,-2.66434943877941,0.473730428498104,FALSE
"2020_01","X1",0.767380473580277,0.188260766952116,0.398396150652241,1.13636479650831,TRUE
"2020_01","X2",0.692656002779228,0.355052869692854,-0.00323483442635919,1.38854683998481,FALSE
"2020_01","X3",-1.52523668536149,0.446224272758759,-2.39982018899623,-0.650653181726744,TRUE
"2020_02","X1",0.14959222919688,0.130544235869919,-0.106269771497464,0.405454229891224,FALSE
"2020_02","X2",0.703391267284759,0.0926005839098287,0.521897457874115,0.884885076695402,TRUE
"2020_02","X3",-0.60187987013597,0.0758446634187222,-0.750532678856228,-0.453227061415712,TRUE
"2020_03","X1",0.771089076627513,0.565255540288904,-0.336791424400467,1.87896957765549,FALSE
"2020_03","X2",0.31911440194127,0.221462004050281,-0.114943149941344,0.753171953823884,FALSE
"2020_03","X3",-1.15525423297965,0.665208228942262,-2.45903840392616,0.148529937966859,FALSE
"2020_04","X1",0.27930189970442,0.445600857101392,-0.594059731694488,1.15266353110333,FALSE
"2020_04","X2",-0.534819406977793,0.496237151753018,-1.50742635220444,0.437787538248859,FALSE
"2020_04","X3",-0.264070913095164,0.633628615664077,-1.50596017937073,0.977818353180398,FALSE
"2020_05","X1",1.28631811377784,0.130628696385087,1.03029057351565,1.54234565404003,TRUE
"2020_05","X2",-0.458103541652346,0.0926750147973164,-0.639743232921803,-0.276463850382889,TRUE
"2020_05","X3",0.102645048402928,0.0758778504610226,-0.0460728057249923,0.251362902530848,FALSE
"2020_06","X1",0.428391970230671,0.591324921021236,-0.730583578131943,1.58736751859328,FALSE
"2020_06","X2",-0.339944086387285,0.517648377793954,-1.35451626351902,0.674628090744448,FALSE
"2020_06","X3",-0.542180188555285,0.639313769269633,-1.79521215114432,0.710851774033746,FALSE
"2020_07","X1",-0.279798160169767,0.18131214009347,-0.635163424712849,0.0755671043733144,FALSE
"2020_07","X2",0.409370239877505,0.334600526320796,-0.2464347409194,1.06517522067441,FALSE
"2020_07","X3",-1.15842932995465,0.424935111184735,-1.99128684364326,-0.32557181626605,TRUE
"2020_08","X1",0.128948369355855,0.633660977550203,-1.11300432505099,1.3709010637627,FALSE
"2020_08","X2",0.863171415795848,0.668617587797231,-0.447294975716772,2.17363780730847,FALSE
"2020_08","X3",-1.50776045714074,0.233200155873206,-1.96482436384135,-1.05069655044013,TRUE
"2020_09","X1",1.0358490456847,0.659785318566085,-0.257306416233114,2.32900450760251,FALSE
"2020_09","X2",1.28368582677308,0.234952875120374,0.823186653473014,1.74418500007315,TRUE
"2020_09","X3",-2.08711093904345,0.679037001291436,-3.41799900574474,-0.756222872342159,TRUE
"2020_10","X1",0.471149597032547,0.754612592506482,-1.00786390656056,1.95016310062565,FALSE
"2020_10","X2",1.33129994819685,0.721977844543142,-0.0837506247435633,2.74635052113727,FALSE
"2020_10","X3",-1.41236269172919,0.6289984407247,-2.64517698188145,-0.179548401576924,TRUE
"2020_11","X1",-0.0431886606135177,0.180051832690798,-0.396083768037914,0.309706446810878,FALSE
"2020_11","X2",1.42094570995133,0.331178637551294,0.77184750790175,2.07004391200091,TRUE
"2020_11","X3",-0.606135886265243,0.421069591938667,-1.43141712145001,0.219145348919521,FALSE
"2020_12","X1",0.385125834545742,0.130237316980598,0.129865383820643,0.640386285270842,TRUE
"2020_12","X2",0.908750996402132,0.0924210633391372,0.727609040844528,1.08989295195974,TRUE
"2020_12","X3",-0.238549874967875,0.0757172786805473,-0.38695301418913,-0.0901467357466198,TRUE
"2021_04","X1",0.722388597664534,0.130994557689306,0.465643982422741,0.979133212906328,TRUE
"2021_04","X2",-0.331086577395651,0.0929078367132573,-0.513182591235163,-0.148990563556139,TRUE
"2021_04","X3",-1.32621490251787,0.0760058923472422,-1.4751837141313,-1.17724609090445,TRUE
"2021_05","X1",1.65846245564314,0.709916066694343,0.267052532875896,3.04987237841039,TRUE
"2021_05","X2",-0.043300912441727,0.73648827636336,-1.48679140914989,1.40018958426644,FALSE
"2021_05","X3",-0.579461058208844,0.323027737007927,-1.21258378875186,0.0536616723341704,FALSE
"2021_06","X1",1.44839547768817,0.902567807239531,-0.320604918106603,3.21739587348294,FALSE
"2021_06","X2",-0.522516338976244,0.618817355622859,-1.73537606900536,0.690343391052874,FALSE
"2021_06","X3",-0.438393022232564,0.836167987153365,-2.07725216207851,1.20046611761338,FALSE
"2021_08","X1",1.24125777979597,0.734792081391599,-0.198908235856788,2.68142379544873,FALSE
"2021_08","X2",-1.03379501963616,0.747899738995722,-2.49965157211468,0.43206153284236,FALSE
"2021_08","X3",-0.307569954355086,0.822441993724654,-1.91952664142872,1.30438673271855,FALSE
"2021_09","X1",1.17941433876943,0.227785121233854,0.732963704936987,1.62586497260187,TRUE
"2021_09","X2",-1.54427082075156,0.113088200721185,-1.76591962124152,-1.3226220202616,TRUE
"2021_09","X3",-0.164660024201852,0.102561848624758,-0.365677553694226,0.0363575052905227,FALSE
"2021_10","X1",0.785699570599754,0.187355404008533,0.418489726434078,1.15290941476543,TRUE
"2021_10","X2",0.646454116837047,0.352600402894052,-0.0446299737696072,1.3375382074437,FALSE
"2021_10","X3",-1.63771343483709,0.440216242993391,-2.50052141651367,-0.774905453160513,TRUE
"2022_02","X1",0.834800659836071,0.696538353503676,-0.530389426881961,2.1999907465541,FALSE
"2022_02","X2",0.693277611598346,0.725500118078726,-0.728676490615513,2.1152317138122,FALSE
"2022_02","X3",-1.5937741014465,0.601246813580114,-2.77219620188299,-0.415352001010006,TRUE
"2022_05","X1",0.84651236578751,0.180686116928614,0.492374084101033,1.20065064747399,TRUE
"2022_05","X2",0.708895785774056,0.332236474566371,0.0577242612734111,1.3600673102747,TRUE
"2022_05","X3",-1.64744767406933,0.422018275536666,-2.4745882949389,-0.820307053199768,TRUE
"2022_06","X1",2.12099975374234,0.509727178942469,1.12195284107389,3.12004666641078,TRUE
"2022_06","X2",-1.18544433244581,0.143411108604108,-1.46652494029282,-0.904363724598796,TRUE
"2022_06","X3",-1.13428776599126,0.182283076892096,-1.49155603169092,-0.77701950029161,TRUE
"2022_07","X1",1.54576447261699,0.132240336999767,1.28657817479401,1.80495077043998,TRUE
"2022_07","X2",2.31711160325601,0.0958132500462425,2.12932108392365,2.50490212258838,TRUE
"2022_07","X3",-1.70362884560469,0.0920573072215622,-1.88405785227269,-1.52319983893669,TRUE
"2022_08","X1",0.651355838568946,0.678916806432721,-0.679296650538138,1.98200832767603,FALSE
"2022_08","X2",1.45370057393525,0.75379850015105,-0.0237173379611204,2.93111848583161,FALSE
"2022_08","X3",-2.19468239407346,0.3040699444147,-2.79064853390736,-1.59871625423955,TRUE
"2022_09","X1",0.828081206982231,0.661377912961297,-0.468195682592177,2.12435809655664,FALSE
"2022_09","X2",1.4105757507287,0.734006905812153,-0.0280513490667997,2.84920285052421,FALSE
"2022_09","X3",-1.42076058845494,0.218369381224278,-1.84875671098082,-0.992764465929058,TRUE
"2022_10","X1",0.260044156799237,0.393327965615087,-0.510864489918742,1.03095280351722,FALSE
"2022_10","X2",0.626077724866738,0.166076566485687,0.300573635878719,0.951581813854756,TRUE
"2022_10","X3",-1.32187079737353,0.561628353304067,-2.42264214254604,-0.221099452201019,TRUE
"2022_11","X1",0.373307251853553,0.130217803829709,0.118085046201422,0.628529457505684,TRUE
"2022_11","X2",-0.219956650802494,0.0923988282445126,-0.401055026375441,-0.0388582752295472,TRUE
"2022_11","X3",-1.796397684344,0.0757323996704887,-1.94483046016095,-1.64796490852705,TRUE
"2022_12","X1",0.0968118678804607,0.130638583474287,-0.159235050720471,0.352858786481392,FALSE
"2022_12","X2",0.185872554519533,0.0926731864599558,0.00423644672545512,0.367508662313612,TRUE
"2022_12","X3",0.324069556563699,0.0758660732420554,0.175374785360792,0.472764327766605,TRUE
"2023_01","X1",0.272971715813717,0.589357148396483,-0.882147069074617,1.42809050070205,FALSE
"2023_01","X2",-0.079222888883285,0.626958711152707,-1.30803938253624,1.14959360476967,FALSE
"2023_01","X3",-0.271423948028214,0.206410259578999,-0.675980622842617,0.133132726786188,FALSE
"2023_02","X1",1.05984391561592,0.227864567481111,0.613237570000145,1.50645026123169,TRUE
"2023_02","X2",0.429590089738774,0.119724088922884,0.19493518736805,0.664244992109498,TRUE
"2023_02","X3",-0.751895902282127,0.137777524895073,-1.02193488895554,-0.481856915608714,TRUE
"2023_03","X1",0.657363191212008,0.130279891502737,0.402019295956857,0.912707086467158,TRUE
"2023_03","X2",0.378713388801431,0.0924409518101535,0.197532452556928,0.559894325045935,TRUE
"2023_03","X3",-0.174875438971195,0.0757421471849216,-0.323327319565373,-0.0264235583770165,TRUE
"2023_04","X1",-0.165147645688751,0.13020795084891,-0.420350539853377,0.0900552484758748,FALSE
"2023_04","X2",0.0395023489167737,0.0923977226054012,-0.141593859643335,0.220598557476882,FALSE
"2023_04","X3",0.173465070609691,0.0757164941535307,0.0250634690331335,0.321866672186249,TRUE
"2023_05","X1",1.28476712312398,0.130207902767701,1.02956432319679,1.53996992305116,TRUE
"2023_05","X2",-0.0138314374494693,0.092397692066091,-0.19492758615363,0.167264711254691,FALSE
"2023_05","X3",0.953335950679959,0.0757164775036507,0.804934381736567,1.10173751962335,TRUE
"2023_06","X1",0.301451432902488,0.130209861179314,0.0462447945590729,0.556658071245903,TRUE
"2023_06","X2",0.196669032643686,0.0923993307016219,0.0155696722729012,0.377768393014471,TRUE
"2023_06","X3",0.026457427783107,0.0757180289425078,-0.12194718192457,0.174862037490784,FALSE
"2023_07","X1",0.175154314277533,0.136541161307783,-0.0924614442929952,0.442770072848061,FALSE
"2023_07","X2",-0.226800816204261,0.100227854011828,-0.423243800315182,-0.0303578320933396,TRUE
"2023_07","X3",-0.271922119240032,0.112317880662462,-0.492061120158325,-0.0517831183217381,TRUE
"2023_08","X1",0.816017580899649,0.703284326722084,-0.562394370367135,2.19442953216643,FALSE
"2023_08","X2",0.280866875445365,0.723644754387389,-1.13745078075525,1.69918453164598,FALSE
"2023_08","X3",-1.38395462177341,0.538063852523225,-2.4385403941018,-0.329368849445022,TRUE
"2023_09","X1",1.05566024932051,0.650182800357518,-0.218674622747623,2.32999512138864,FALSE
"2023_09","X2",0.437130261717932,0.710357395177919,-0.955144648982475,1.82940517241834,FALSE
"2023_09","X3",-2.31113750935807,0.215930214917618,-2.73435295377059,-1.88792206494554,TRUE
"2023_10","X1",0.450416242643998,0.176434184747525,0.104611594897164,0.796220890390832,TRUE
"2023_10","X2",0.584438461535893,0.320074139361983,-0.042895323996247,1.21177224706803,FALSE
"2023_10","X3",-0.513996521575895,0.406420862816077,-1.3105667752611,0.282573732109309,FALSE
"2023_11","X1",1.41887878021475,0.130234322228051,1.16362419909679,1.67413336133272,TRUE
"2023_11","X2",0.747583206784075,0.0924188231738153,0.566445641869821,0.928720771698328,TRUE
"2023_11","X3",-0.709177331859169,0.0757169745165754,-0.857579874929994,-0.560774788788345,TRUE
"2023_12","X1",0.374526437838997,0.130208371117298,0.119322719963468,0.629730155714526,TRUE
"2023_12","X2",-0.564697907002678,0.0923979914025117,-0.745794642395442,-0.383601171609913,TRUE
"2023_12","X3",1.38954631519092,0.0757166402216019,1.24114442732621,1.53794820305564,TRUE
"2024_01","X1",-0.24378506448723,0.13085250539716,-0.500251262352496,0.0126811333780364,FALSE
"2024_01","X2",-1.53676819248088,0.0928173974755797,-1.71868694867176,-1.35484943629001,TRUE
"2024_01","X3",-0.878726223546369,0.0759808599762776,-1.02764597261425,-0.729806474478484,TRUE
"2024_02","X1",0.334624638815456,0.653508894397398,-0.946229257780033,1.61547853541094,FALSE
"2024_02","X2",-0.880237074290941,0.68961866627075,-2.23186482324816,0.471390674666275,FALSE
"2024_02","X3",-1.02784881775698,0.71467343937934,-2.42858301964786,0.372885384133891,FALSE
"2024_03","X1",0.727630944892838,0.42271656957223,-0.100878307137053,1.55614019692273,FALSE
"2024_03","X2",-0.382373977597238,0.163219427138306,-0.702278176365577,-0.062469778828899,TRUE
"2024_03","X3",-1.17559689168313,0.21037900965593,-1.58793217371196,-0.763261609654305,TRUE
"2024_04","X1",1.15783875369918,0.131550093625927,0.90000530802949,1.41567219936887,TRUE
"2024_04","X2",1.12083600763372,0.0932262419101447,0.93811593107582,1.30355608419162,TRUE
"2024_04","X3",0.38280915789985,0.0762025751944591,0.233454854989505,0.532163460810195,TRUE
"2024_05","X1",1.18348540804959,0.795354278016061,-0.37538033181175,2.74235114791092,FALSE
"2024_05","X2",0.508295112765432,0.734949422537152,-0.932179285865895,1.94876951139676,FALSE
"2024_05","X3",-0.23138279896443,0.764791278684052,-1.73034616087551,1.26758056294665,FALSE
"2024_07","X1",1.31324662363062,0.716414673473131,-0.0909003343727364,2.71739358163398,FALSE
"2024_07","X2",-0.104245782102859,0.387351305675087,-0.863440390590595,0.654948826384877,FALSE
"2024_07","X3",-0.84557475582871,0.5756897220732,-1.97390587736205,0.282756365704634,FALSE
"2024_08","X1",1.8971305342927,0.885317505385484,0.161940108854305,3.63232095973109,TRUE
"2024_08","X2",0.1422356461818,0.565021280797482,-0.965185714679957,1.24965700704356,FALSE
"2024_08","X3",-1.24304898954705,0.752901368361693,-2.71870855544689,0.232610576352794,FALSE
"2024_10","X1",2.42234897211717,0.66193605757162,1.12497813920837,3.71971980502598,TRUE
"2024_10","X2",1.03085641371218,0.675077888974689,-0.292271935437537,2.3539847628619,FALSE
"2024_10","X3",-1.4353445155825,0.22148451652829,-1.86944619111122,-1.00124284005379,TRUE
"2024_11","X1",2.08895607192497,0.130732433300932,1.83272521104385,2.34518693280608,TRUE
"2024_11","X2",0.775792047812704,0.0927252118786806,0.594053972071645,0.957530123553763,TRUE
"2024_11","X3",-0.40716346072016,0.0758954866188395,-0.555915881082227,-0.258411040358093,TRUE
"2024_12","X1",0.604423918573979,0.130208429267777,0.349220086725605,0.859627750422353,TRUE
"2024_12","X2",-0.400533584638688,0.092398026672478,-0.581630389159316,-0.21943678011806,TRUE
"2024_12","X3",0.27777667391443,0.0757166592811978,0.129374748693591,0.426178599135268,TRUE
"2025_01","X1",1.63652063744264,0.130453937240284,1.38083561881023,1.89220565607504,TRUE
"2025_01","X2",0.150646181981529,0.0925394393545248,-0.030727786302868,0.332020150265926,FALSE
"2025_01","X3",-0.734935681586339,0.075796462982684,-0.883494019187923,-0.586377343984755,TRUE
"2025_02","X1",1.36982163665148,0.386475904714104,0.612342782519307,2.12730049078366,TRUE
"2025_02","X2",0.150131127668137,0.13924488912579,-0.122783840049685,0.423046095385959,FALSE
"2025_02","X3",-1.50371712823833,0.15073907150008,-1.7991602794415,-1.20827397703517,TRUE
"2025_03","X1",-0.324491986515806,0.130881146906042,-0.581014320706944,-0.0679696523246688,TRUE
"2025_03","X2",-0.01977310216329,0.0928131074384101,-0.20168345003582,0.16213724570924,FALSE
"2025_03","X3",-0.719842898374136,0.0759450888663322,-0.868692537354841,-0.570993259393431,TRUE
"2025_04","X1",0.0840530066843674,0.586271313644129,-1.06501765322711,1.23312366659585,FALSE
"2025_04","X2",-0.271006978073703,0.626462643845652,-1.49885119767092,0.956837241523517,FALSE
"2025_04","X3",-0.709119646837022,0.20542092394799,-1.11173725944602,-0.306502034228021,TRUE
"2025_05","X1",1.10693052262341,0.130633576145611,0.850893418206338,1.36296762704047,TRUE
"2025_05","X2",-0.100433333822338,0.092670441990983,-0.282064062556073,0.0811973949113969,FALSE
"2025_05","X3",-2.35249262412249,0.0758643467395834,-2.50118401144273,-2.20380123680225,TRUE
"2025_06","X1",0.172149264604551,0.131759186272855,-0.0860939951225485,0.43039252433165,FALSE
"2025_06","X2",1.33947083618644,0.094991408184724,1.15329109730364,1.52565057506925,TRUE
"2025_06","X3",-0.212801285372925,0.0763278767216043,-0.362401174763683,-0.0632013959821676,TRUE
"2025_07","X1",0.75533427459498,0.178836672623548,0.404820837137846,1.10584771205211,TRUE
"2025_07","X2",0.0144847868015473,0.329397443331347,-0.631122338727466,0.66009191233056,FALSE
"2025_07","X3",-0.831163599204424,0.419245994556801,-1.65287064919843,-0.0094565492104195,TRUE
"2025_08","X1",0.0846012285755064,0.18439744824357,-0.276811128822979,0.446013585973992,FALSE
"2025_08","X2",1.22952518144644,0.346362912697247,0.550666346979449,1.90838401591344,TRUE
"2025_08","X3",-1.59886531133299,0.441686408626788,-2.46455476470234,-0.733175857963645,TRUE
"2025_09","X1",-0.165841172384737,0.720979626969177,-1.57893527483145,1.24725293006197,FALSE
"2025_09","X2",0.542769128171501,0.532511782954502,-0.500934787762533,1.58647304410554,FALSE
"2025_09","X3",-1.56686924133923,0.745657277829634,-3.02833065069549,-0.105407831982975,TRUE
"2025_10","X1",-0.539801840016416,0.187752943643546,-0.907790847549144,-0.171812832483687,TRUE
"2025_10","X2",1.20801680568954,0.353713022736788,0.514752020262635,1.90128159111644,TRUE
"2025_10","X3",-1.10287599984002,0.444023660954048,-1.97314638359357,-0.232605616086458,TRUE
"2025_11","X1",0.190622474603678,0.133667641907485,-0.0713612894333895,0.452606238640746,FALSE
"2025_11","X2",-0.0362222529972016,0.0963971067628221,-0.225157110466195,0.152712604471792,FALSE
"2025_11","X3",-0.119354108576564,0.0796217990807984,-0.275409967159214,0.0367017500060847,FALSE
